date,event,value,surprise_z,surprise,regime,confidence,y10_1d,y10_5d,y10_21d,curve_1d,curve_5d,y2_1d,y2_5d,sp500_1d
2005-01-01,CPI_MOM,-0.052,-1.403,MISS,GOLDILOCKS,MEDIUM,-1.0,5.0,-9.0,-3.0,-7.0,2.0,12.0,
2005-02-01,CPI_MOM,0.418,0.77,BEAT,GOLDILOCKS,MEDIUM,0.0,-10.0,24.0,-3.0,-14.0,3.0,4.0,
2005-03-01,CPI_MOM,0.364,0.117,INLINE,GOLDILOCKS,MEDIUM,0.0,0.0,12.0,2.0,-3.0,-2.0,3.0,
2005-04-01,CPI_MOM,0.311,-0.151,INLINE,GOLDILOCKS,LOW,1.0,4.0,-25.0,2.0,2.0,-1.0,2.0,
2005-05-01,CPI_MOM,-0.052,-1.728,MISS,GOLDILOCKS,LOW,0.0,7.0,-21.0,2.0,0.0,-2.0,7.0,
2005-06-01,CPI_MOM,0.052,-0.735,MISS,GOLDILOCKS,MEDIUM,-2.0,4.0,3.0,-4.0,-6.0,2.0,10.0,
2005-07-01,CPI_MOM,0.62,1.272,BEAT,GOLDILOCKS,MEDIUM,5.0,5.0,28.0,2.0,0.0,3.0,5.0,
2005-08-01,CPI_MOM,0.616,1.091,BEAT,GOLDILOCKS,MEDIUM,2.0,10.0,-16.0,0.0,-2.0,2.0,12.0,
2005-09-01,CPI_MOM,1.377,2.46,BEAT,GOLDILOCKS,LOW,1.0,12.0,37.0,-2.0,-4.0,3.0,16.0,
2005-10-01,CPI_MOM,0.151,-0.462,INLINE,GOLDILOCKS,LOW,5.0,1.0,24.0,2.0,1.0,3.0,0.0,
2005-11-01,CPI_MOM,-0.502,-1.557,MISS,GOLDILOCKS,LOW,3.0,-1.0,-6.0,2.0,-2.0,1.0,1.0,
2005-12-01,CPI_MOM,0.0,-0.49,INLINE,GOLDILOCKS,MEDIUM,0.0,-5.0,-15.0,2.0,3.0,-2.0,-8.0,
2006-01-01,CPI_MOM,0.606,0.574,BEAT,GOLDILOCKS,HIGH,-2.0,-1.0,18.0,5.0,4.0,-7.0,-5.0,
2006-02-01,CPI_MOM,0.05,-0.382,INLINE,GOLDILOCKS,MEDIUM,0.0,-1.0,11.0,0.0,-6.0,0.0,5.0,
2006-03-01,CPI_MOM,0.15,-0.0,INLINE,GOLDILOCKS,MEDIUM,5.0,14.0,27.0,4.0,13.0,1.0,1.0,
2006-04-01,CPI_MOM,0.501,0.731,BEAT,GOLDILOCKS,LOW,2.0,11.0,26.0,-2.0,4.0,4.0,7.0,
2006-05-01,CPI_MOM,0.299,0.159,INLINE,REFLATION,LOW,-2.0,-2.0,-2.0,0.0,-5.0,-2.0,3.0,
2006-06-01,CPI_MOM,0.248,-0.055,INLINE,REFLATION,LOW,-11.0,-11.0,4.0,1.0,-8.0,-12.0,-3.0,
2006-07-01,CPI_MOM,0.545,0.596,BEAT,REFLATION,LOW,0.0,-2.0,-16.0,-1.0,-3.0,1.0,1.0,
2006-08-01,CPI_MOM,0.444,0.379,INLINE,STAGFLATION_RISK,LOW,-3.0,-6.0,-23.0,-3.0,-0.0,0.0,-6.0,
2006-09-01,CPI_MOM,-0.491,-1.888,MISS,REFLATION,LOW,5.0,7.0,-11.0,2.0,1.0,3.0,6.0,
2006-10-01,CPI_MOM,-0.444,-1.584,MISS,REFLATION,LOW,-2.0,6.0,-3.0,3.0,3.0,-5.0,3.0,
2006-11-01,CPI_MOM,0.05,-0.419,INLINE,GOLDILOCKS,LOW,3.0,7.0,-14.0,2.0,-2.0,1.0,9.0,
2006-12-01,CPI_MOM,0.545,0.733,BEAT,GOLDILOCKS,LOW,0.0,13.0,24.0,0.0,-3.0,0.0,16.0,
2007-01-01,CPI_MOM,0.166,-0.119,INLINE,GOLDILOCKS,LOW,-3.0,-5.0,12.0,-1.0,-1.0,-2.0,-4.0,
2007-02-01,CPI_MOM,0.388,0.326,INLINE,REFLATION,LOW,-1.0,-11.0,-33.0,1.0,-2.0,-2.0,-9.0,
2007-03-01,CPI_MOM,0.52,0.488,INLINE,GOLDILOCKS,LOW,-4.0,-5.0,9.0,3.0,2.0,-7.0,-7.0,
2007-04-01,CPI_MOM,0.3,0.002,INLINE,GOLDILOCKS,LOW,0.0,11.0,-2.0,-2.0,-6.0,2.0,17.0,
2007-05-01,CPI_MOM,0.413,0.194,INLINE,GOLDILOCKS,LOW,1.0,-1.0,26.0,-1.0,-6.0,2.0,5.0,
2007-06-01,CPI_MOM,0.232,-0.315,INLINE,GOLDILOCKS,LOW,-2.0,17.0,5.0,-2.0,13.0,0.0,4.0,
2007-07-01,CPI_MOM,0.178,-0.257,INLINE,DEFLATION_RISK,LOW,-3.0,13.0,-25.0,-2.0,3.0,-1.0,10.0,
2007-08-01,CPI_MOM,0.031,-0.519,MISS,DEFLATION_RISK,LOW,1.0,8.0,-25.0,-2.0,0.0,3.0,8.0,
2007-09-01,CPI_MOM,0.424,0.579,BEAT,GOLDILOCKS,LOW,2.0,-20.0,0.0,4.0,8.0,-2.0,-28.0,
2007-10-01,CPI_MOM,0.308,0.024,INLINE,GOLDILOCKS,LOW,-2.0,11.0,-8.0,2.0,-2.0,-4.0,13.0,
2007-11-01,CPI_MOM,0.786,2.163,BEAT,GOLDILOCKS,LOW,-5.0,-8.0,-47.0,6.0,22.0,-11.0,-30.0,
2007-12-01,CPI_MOM,0.29,-0.074,INLINE,DEFLATION_RISK,LOW,-8.0,15.0,-6.0,6.0,7.0,-14.0,8.0,
2008-01-01,CPI_MOM,0.345,0.098,INLINE,DEFLATION_RISK,MEDIUM,-13.0,-18.0,-37.0,4.0,11.0,-17.0,-29.0,
2008-02-01,CPI_MOM,0.242,-0.331,INLINE,DEFLATION_RISK,MEDIUM,6.0,2.0,1.0,7.0,18.0,-1.0,-16.0,
2008-03-01,CPI_MOM,0.358,0.297,INLINE,DEFLATION_RISK,MEDIUM,1.0,3.0,4.0,5.0,15.0,-4.0,-12.0,
2008-04-01,CPI_MOM,0.231,-0.371,INLINE,DEFLATION_RISK,MEDIUM,3.0,1.0,20.0,-5.0,-6.0,8.0,7.0,
2008-05-01,CPI_MOM,0.592,1.484,BEAT,DEFLATION_RISK,MEDIUM,11.0,1.0,20.0,1.0,13.0,10.0,-12.0,
2008-06-01,CPI_MOM,1.048,2.564,BEAT,DEFLATION_RISK,MEDIUM,-8.0,-12.0,-7.0,7.0,14.0,-15.0,-26.0,
2008-07-01,CPI_MOM,0.714,1.274,BEAT,DEFLATION_RISK,HIGH,-2.0,-16.0,-2.0,1.0,6.0,-3.0,-22.0,
2008-08-01,CPI_MOM,-0.149,-1.602,MISS,DEFLATION_RISK,HIGH,1.0,-3.0,-23.0,-1.0,-3.0,2.0,0.0,
2008-09-01,CPI_MOM,0.086,-0.735,MISS,DEFLATION_RISK,HIGH,-9.0,-17.0,2.0,1.0,-11.0,-10.0,-6.0,
2008-10-01,CPI_MOM,-0.86,-2.395,MISS,DEFLATION_RISK,HIGH,-11.0,-5.0,24.0,9.0,12.0,-20.0,-17.0,
2008-11-01,CPI_MOM,-1.771,-2.713,MISS,DEFLATION_RISK,HIGH,-5.0,-18.0,-134.0,6.0,5.0,-11.0,-23.0,
2008-12-01,CPI_MOM,-0.823,-1.338,MISS,DEFLATION_RISK,HIGH,-4.0,5.0,-47.0,-4.0,-2.0,0.0,7.0,
2009-01-01,CPI_MOM,0.253,0.021,INLINE,DEFLATION_RISK,HIGH,21.0,22.0,51.0,9.0,15.0,12.0,7.0,
2009-02-01,CPI_MOM,0.364,0.154,INLINE,DEFLATION_RISK,HIGH,-11.0,18.0,6.0,-6.0,13.0,-5.0,5.0,
2009-03-01,CPI_MOM,-0.099,-0.327,INLINE,DEFLATION_RISK,HIGH,-11.0,-19.0,-29.0,0.0,-10.0,-11.0,-9.0,
2009-04-01,CPI_MOM,0.101,0.01,INLINE,DEFLATION_RISK,HIGH,9.0,18.0,53.0,4.0,8.0,5.0,10.0,
2009-05-01,CPI_MOM,0.147,0.071,INLINE,DEFLATION_RISK,HIGH,-2.0,8.0,44.0,-4.0,0.0,2.0,8.0,
2009-06-01,CPI_MOM,0.83,1.006,BEAT,DEFLATION_RISK,HIGH,-6.0,20.0,-18.0,-5.0,-25.0,-1.0,45.0,
2009-07-01,CPI_MOM,-0.03,-0.084,INLINE,DEFLATION_RISK,HIGH,-4.0,-11.0,-3.0,3.0,0.0,-7.0,-11.0,
2009-08-01,CPI_MOM,0.335,0.344,INLINE,DEFLATION_RISK,HIGH,14.0,37.0,-12.0,9.0,18.0,5.0,19.0,
2009-09-01,CPI_MOM,0.193,0.098,INLINE,DEFLATION_RISK,HIGH,-9.0,10.0,-17.0,-6.0,9.0,-3.0,1.0,
2009-10-01,CPI_MOM,0.3,0.193,INLINE,DEFLATION_RISK,MEDIUM,3.0,6.0,24.0,2.0,3.0,1.0,3.0,
2009-11-01,CPI_MOM,0.335,0.288,INLINE,GOLDILOCKS,MEDIUM,4.0,13.0,-9.0,2.0,17.0,2.0,-4.0,
2009-12-01,CPI_MOM,0.052,-0.711,MISS,DEFLATION_RISK,MEDIUM,4.0,12.0,57.0,-1.0,6.0,5.0,6.0,
2010-01-01,CPI_MOM,0.065,-0.429,INLINE,GOLDILOCKS,MEDIUM,0.0,-2.0,-18.0,5.0,16.0,-5.0,-18.0,
2010-02-01,CPI_MOM,-0.095,-0.857,MISS,DEFLATION_RISK,MEDIUM,-1.0,-6.0,-5.0,-1.0,1.0,0.0,-7.0,
2010-03-01,CPI_MOM,0.033,-0.37,INLINE,GOLDILOCKS,MEDIUM,1.0,11.0,27.0,1.0,1.0,0.0,10.0,
2010-04-01,CPI_MOM,0.023,-0.333,INLINE,GOLDILOCKS,HIGH,7.0,2.0,-20.0,1.0,-2.0,6.0,4.0,
2010-05-01,CPI_MOM,-0.052,-0.428,INLINE,GOLDILOCKS,HIGH,3.0,-24.0,-40.0,0.0,-10.0,3.0,-14.0,
2010-06-01,CPI_MOM,-0.042,-0.538,MISS,GOLDILOCKS,HIGH,6.0,-11.0,-32.0,2.0,-7.0,4.0,-4.0,
2010-07-01,CPI_MOM,0.187,0.835,BEAT,GOLDILOCKS,HIGH,4.0,11.0,3.0,4.0,11.0,0.0,0.0,
2010-08-01,CPI_MOM,0.146,0.637,BEAT,GOLDILOCKS,HIGH,5.0,-8.0,-40.0,4.0,-3.0,1.0,-5.0,
2010-09-01,CPI_MOM,0.162,0.758,BEAT,DEFLATION_RISK,MEDIUM,5.0,19.0,-4.0,5.0,12.0,0.0,7.0,
2010-10-01,CPI_MOM,0.348,2.024,BEAT,GOLDILOCKS,HIGH,-4.0,-13.0,9.0,-3.0,-6.0,-1.0,-7.0,
2010-11-01,CPI_MOM,0.253,1.473,BEAT,DEFLATION_RISK,MEDIUM,-3.0,-6.0,35.0,-3.0,-13.0,0.0,7.0,
2010-12-01,CPI_MOM,0.402,1.862,BEAT,GOLDILOCKS,HIGH,4.0,29.0,33.0,2.0,19.0,2.0,10.0,
2011-01-01,CPI_MOM,0.324,1.013,BEAT,DEFLATION_RISK,MEDIUM,6.0,4.0,18.0,6.0,5.0,0.0,-1.0,
2011-02-01,CPI_MOM,0.321,0.932,BEAT,GOLDILOCKS,MEDIUM,4.0,27.0,10.0,-2.0,2.0,6.0,25.0,
2011-03-01,CPI_MOM,0.517,1.663,BEAT,GOLDILOCKS,MEDIUM,5.0,15.0,6.0,2.0,8.0,3.0,7.0,
2011-04-01,CPI_MOM,0.469,1.004,BEAT,GOLDILOCKS,MEDIUM,-1.0,13.0,-18.0,2.0,10.0,-3.0,3.0,
2011-05-01,CPI_MOM,0.318,-0.011,INLINE,GOLDILOCKS,MEDIUM,-1.0,-13.0,-27.0,-1.0,-9.0,0.0,-4.0,
2011-06-01,CPI_MOM,0.0,-2.184,MISS,GOLDILOCKS,MEDIUM,8.0,2.0,22.0,7.0,7.0,1.0,-5.0,
2011-07-01,CPI_MOM,0.262,-0.403,INLINE,DEFLATION_RISK,MEDIUM,-6.0,-28.0,-56.0,0.0,-15.0,-6.0,-13.0,
2011-08-01,CPI_MOM,0.315,-0.032,INLINE,DEFLATION_RISK,LOW,-11.0,-37.0,-58.0,-6.0,-26.0,-5.0,-11.0,
2011-09-01,CPI_MOM,0.217,-0.783,MISS,GOLDILOCKS,MEDIUM,-13.0,-22.0,-35.0,-14.0,-20.0,1.0,-2.0,
2011-10-01,CPI_MOM,0.068,-1.684,MISS,GOLDILOCKS,HIGH,-12.0,18.0,9.0,-11.0,13.0,-1.0,5.0,
2011-11-01,CPI_MOM,0.185,-0.875,MISS,GOLDILOCKS,HIGH,2.0,9.0,4.0,2.0,7.0,0.0,2.0,
2011-12-01,CPI_MOM,0.024,-1.627,MISS,GOLDILOCKS,HIGH,-6.0,-12.0,-14.0,-4.0,-7.0,-2.0,-5.0,
2012-01-01,CPI_MOM,0.272,0.032,INLINE,GOLDILOCKS,HIGH,8.0,9.0,-2.0,6.0,8.0,2.0,1.0,
2012-02-01,CPI_MOM,0.214,-0.162,INLINE,GOLDILOCKS,MEDIUM,-1.0,14.0,12.0,-1.0,10.0,0.0,4.0,
2012-03-01,CPI_MOM,0.209,-0.046,INLINE,GOLDILOCKS,MEDIUM,-4.0,0.0,20.0,-2.0,-2.0,-2.0,2.0,
2012-04-01,CPI_MOM,0.166,-0.426,INLINE,GOLDILOCKS,LOW,-1.0,-16.0,-28.0,-1.0,-15.0,0.0,-1.0,
2012-05-01,CPI_MOM,-0.207,-2.731,MISS,GOLDILOCKS,LOW,-2.0,-10.0,-39.0,-2.0,-10.0,0.0,0.0,
2012-06-01,CPI_MOM,-0.083,-1.783,MISS,GOLDILOCKS,LOW,6.0,18.0,14.0,6.0,15.0,0.0,3.0,
2012-07-01,CPI_MOM,0.029,-0.949,MISS,DEFLATION_RISK,MEDIUM,-6.0,-14.0,-16.0,-3.0,-8.0,-3.0,-6.0,
2012-08-01,CPI_MOM,0.581,2.047,BEAT,DEFLATION_RISK,MEDIUM,-5.0,12.0,7.0,-5.0,7.0,0.0,5.0,
2012-09-01,CPI_MOM,0.477,1.369,BEAT,GOLDILOCKS,MEDIUM,2.0,11.0,7.0,1.0,8.0,1.0,3.0,
2012-10-01,CPI_MOM,0.27,0.33,INLINE,GOLDILOCKS,MEDIUM,0.0,10.0,11.0,2.0,10.0,-2.0,0.0,
2012-11-01,CPI_MOM,-0.168,-1.471,MISS,GOLDILOCKS,MEDIUM,0.0,-13.0,-13.0,2.0,-10.0,-2.0,-3.0,
2012-12-01,CPI_MOM,-0.012,-0.82,MISS,DEFLATION_RISK,LOW,1.0,2.0,24.0,1.0,2.0,0.0,0.0,
2013-01-01,CPI_MOM,0.198,0.066,INLINE,GOLDILOCKS,MEDIUM,8.0,11.0,24.0,6.0,11.0,2.0,0.0,
2013-02-01,CPI_MOM,0.543,1.349,BEAT,GOLDILOCKS,MEDIUM,-4.0,-5.0,-14.0,-2.0,-3.0,-2.0,-2.0,
2013-03-01,CPI_MOM,-0.281,-1.277,MISS,GOLDILOCKS,MEDIUM,2.0,20.0,2.0,3.0,18.0,-1.0,2.0,
2013-04-01,CPI_MOM,-0.209,-0.698,MISS,GOLDILOCKS,MEDIUM,2.0,-10.0,-16.0,-0.0,-11.0,2.0,1.0,
2013-05-01,CPI_MOM,0.041,0.021,INLINE,GOLDILOCKS,MEDIUM,0.0,15.0,50.0,0.0,13.0,0.0,2.0,
2013-06-01,CPI_MOM,0.238,0.405,INLINE,GOLDILOCKS,MEDIUM,-3.0,1.0,34.0,-3.0,-1.0,0.0,2.0,
2013-07-01,CPI_MOM,0.196,-0.004,INLINE,GOLDILOCKS,MEDIUM,-2.0,15.0,10.0,-2.0,12.0,0.0,3.0,
2013-08-01,CPI_MOM,0.239,0.161,INLINE,GOLDILOCKS,MEDIUM,-11.0,-16.0,4.0,-6.0,-11.0,-5.0,-5.0,
2013-09-01,CPI_MOM,0.038,-0.343,INLINE,GOLDILOCKS,HIGH,8.0,12.0,-12.0,4.0,6.0,4.0,6.0,
2013-10-01,CPI_MOM,0.054,0.026,INLINE,GOLDILOCKS,HIGH,-3.0,0.0,-9.0,-1.0,-7.0,-2.0,7.0,
2013-11-01,CPI_MOM,0.184,0.3,INLINE,GOLDILOCKS,HIGH,-2.0,12.0,19.0,-1.0,13.0,-1.0,-1.0,
2013-12-01,CPI_MOM,0.264,0.339,INLINE,GOLDILOCKS,HIGH,6.0,13.0,29.0,4.0,11.0,2.0,2.0,
2014-01-01,CPI_MOM,0.242,0.237,INLINE,GOLDILOCKS,MEDIUM,-4.0,-3.0,-37.0,-5.0,-8.0,1.0,5.0,
2014-02-01,CPI_MOM,0.11,-0.208,INLINE,DEFLATION_RISK,MEDIUM,-6.0,4.0,3.0,-2.0,8.0,-4.0,-4.0,
2014-03-01,CPI_MOM,0.204,0.104,INLINE,DEFLATION_RISK,MEDIUM,-6.0,14.0,7.0,-5.0,9.0,-1.0,5.0,
2014-04-01,CPI_MOM,0.186,-0.056,INLINE,GOLDILOCKS,HIGH,5.0,-8.0,-14.0,2.0,-4.0,3.0,-4.0,
2014-05-01,CPI_MOM,0.19,-0.037,INLINE,GOLDILOCKS,HIGH,-3.0,-2.0,-9.0,-4.0,-1.0,1.0,-1.0,
2014-06-01,CPI_MOM,0.132,-0.777,MISS,GOLDILOCKS,HIGH,6.0,12.0,5.0,4.0,8.0,2.0,4.0,
2014-07-01,CPI_MOM,0.113,-0.989,MISS,GOLDILOCKS,HIGH,6.0,-1.0,0.0,4.0,-5.0,2.0,4.0,
2014-08-01,CPI_MOM,-0.016,-2.035,MISS,GOLDILOCKS,HIGH,-1.0,-8.0,-10.0,-1.0,-6.0,0.0,-2.0,
2014-09-01,CPI_MOM,0.007,-1.69,MISS,GOLDILOCKS,HIGH,7.0,13.0,17.0,2.0,7.0,5.0,6.0,
2014-10-01,CPI_MOM,-0.02,-1.819,MISS,GOLDILOCKS,HIGH,2.0,-7.0,-7.0,2.0,0.0,0.0,-7.0,
2014-11-01,CPI_MOM,-0.188,-2.335,MISS,GOLDILOCKS,HIGH,1.0,-3.0,-6.0,-1.0,-4.0,2.0,1.0,
2014-12-01,CPI_MOM,-0.308,-2.503,MISS,GOLDILOCKS,HIGH,6.0,4.0,-5.0,-0.0,-11.0,6.0,15.0,
2015-01-01,CPI_MOM,-0.637,-2.782,MISS,GOLDILOCKS,HIGH,-5.0,-14.0,-49.0,-4.0,-9.0,-1.0,-5.0,
2015-02-01,CPI_MOM,0.253,0.745,BEAT,GOLDILOCKS,HIGH,0.0,27.0,44.0,-2.0,9.0,2.0,18.0,
2015-03-01,CPI_MOM,0.269,0.789,BEAT,GOLDILOCKS,MEDIUM,8.0,24.0,-4.0,5.0,14.0,3.0,10.0,
2015-04-01,CPI_MOM,0.104,0.186,INLINE,GOLDILOCKS,HIGH,5.0,5.0,18.0,5.0,6.0,0.0,-1.0,
2015-05-01,CPI_MOM,0.33,1.002,BEAT,GOLDILOCKS,MEDIUM,4.0,4.0,15.0,4.0,5.0,0.0,-1.0,
2015-06-01,CPI_MOM,0.277,0.782,BEAT,GOLDILOCKS,MEDIUM,8.0,20.0,16.0,8.0,14.0,0.0,6.0,
2015-07-01,CPI_MOM,0.159,0.362,INLINE,GOLDILOCKS,MEDIUM,-3.0,-11.0,-23.0,2.0,-2.0,-5.0,-9.0,
2015-08-01,CPI_MOM,-0.0,-0.197,INLINE,GOLDILOCKS,HIGH,-4.0,-2.0,1.0,-5.0,-8.0,1.0,6.0,
2015-09-01,CPI_MOM,-0.225,-0.944,MISS,GOLDILOCKS,HIGH,3.0,4.0,-12.0,1.0,-1.0,2.0,5.0,
2015-10-01,CPI_MOM,0.099,-0.009,INLINE,GOLDILOCKS,MEDIUM,-6.0,7.0,15.0,0.0,6.0,-6.0,1.0,
2015-11-01,CPI_MOM,0.119,0.026,INLINE,DEFLATION_RISK,MEDIUM,4.0,18.0,2.0,2.0,3.0,2.0,15.0,
2015-12-01,CPI_MOM,-0.108,-0.806,MISS,DEFLATION_RISK,MEDIUM,3.0,9.0,12.0,0.0,6.0,3.0,3.0,
2016-01-01,CPI_MOM,-0.046,-0.925,MISS,GOLDILOCKS,MEDIUM,-3.0,-14.0,-40.0,1.0,-2.0,-4.0,-12.0,
2016-02-01,CPI_MOM,-0.133,-1.334,MISS,GOLDILOCKS,MEDIUM,-10.0,-22.0,-13.0,-4.0,-7.0,-6.0,-15.0,
2016-03-01,CPI_MOM,0.313,1.172,BEAT,GOLDILOCKS,MEDIUM,1.0,0.0,-5.0,1.0,-3.0,0.0,3.0,
2016-04-01,CPI_MOM,0.383,1.358,BEAT,DEFLATION_RISK,MEDIUM,-1.0,-7.0,9.0,0.0,-1.0,-1.0,-6.0,
2016-05-01,CPI_MOM,0.236,0.657,BEAT,DEFLATION_RISK,MEDIUM,5.0,-4.0,1.0,2.0,-1.0,3.0,-3.0,16.13
2016-06-01,CPI_MOM,0.278,0.87,BEAT,GOLDILOCKS,MEDIUM,-4.0,-14.0,-36.0,-2.0,-1.0,-2.0,-13.0,5.93
2016-07-01,CPI_MOM,-0.05,-0.508,MISS,GOLDILOCKS,HIGH,-9.0,-3.0,9.0,-6.0,-10.0,-3.0,7.0,-14.4
2016-08-01,CPI_MOM,0.185,0.384,INLINE,GOLDILOCKS,MEDIUM,4.0,8.0,6.0,4.0,1.0,0.0,7.0,-13.81
2016-09-01,CPI_MOM,0.262,0.625,BEAT,GOLDILOCKS,MEDIUM,3.0,10.0,6.0,1.0,9.0,2.0,1.0,9.12
2016-10-01,CPI_MOM,0.234,0.138,INLINE,GOLDILOCKS,MEDIUM,3.0,13.0,23.0,-0.0,7.0,3.0,6.0,-7.07
2016-11-01,CPI_MOM,0.118,-0.514,MISS,GOLDILOCKS,MEDIUM,-2.0,5.0,57.0,0.0,1.0,-2.0,4.0,-13.78
2016-12-01,CPI_MOM,0.252,0.105,INLINE,GOLDILOCKS,MEDIUM,-5.0,-5.0,0.0,-2.0,-3.0,-3.0,-2.0,0.87
2017-01-01,CPI_MOM,0.404,0.996,BEAT,GOLDILOCKS,MEDIUM,0.0,-7.0,3.0,-2.0,-8.0,2.0,1.0,19.0
2017-02-01,CPI_MOM,0.159,-0.7,MISS,GOLDILOCKS,MEDIUM,0.0,-14.0,1.0,1.0,-7.0,-1.0,-7.0,1.3
2017-03-01,CPI_MOM,-0.047,-1.983,MISS,GOLDILOCKS,MEDIUM,3.0,11.0,-4.0,0.0,4.0,3.0,7.0,-14.04
2017-04-01,CPI_MOM,0.123,-0.656,MISS,GOLDILOCKS,MEDIUM,-5.0,-2.0,-11.0,-2.0,-4.0,-3.0,2.0,-3.88
2017-05-01,CPI_MOM,-0.077,-1.673,MISS,GOLDILOCKS,MEDIUM,-4.0,6.0,-12.0,-3.0,1.0,-1.0,5.0,2.84
2017-06-01,CPI_MOM,0.065,-0.523,MISS,GOLDILOCKS,MEDIUM,-6.0,-2.0,10.0,-6.0,-7.0,0.0,5.0,9.01
2017-07-01,CPI_MOM,0.033,-0.788,MISS,GOLDILOCKS,HIGH,4.0,7.0,-5.0,1.0,5.0,3.0,2.0,5.6
2017-08-01,CPI_MOM,0.385,1.577,BEAT,GOLDILOCKS,MEDIUM,1.0,3.0,-11.0,-1.0,1.0,2.0,2.0,1.22
2017-09-01,CPI_MOM,0.511,2.014,BEAT,GOLDILOCKS,MEDIUM,-9.0,-2.0,17.0,-4.0,1.0,-5.0,-3.0,-18.7
2017-10-01,CPI_MOM,0.078,-0.234,INLINE,GOLDILOCKS,HIGH,1.0,4.0,5.0,-1.0,-3.0,2.0,7.0,9.76
2017-11-01,CPI_MOM,0.267,0.674,BEAT,GOLDILOCKS,HIGH,-2.0,-5.0,0.0,-2.0,-9.0,0.0,4.0,0.49
2017-12-01,CPI_MOM,0.211,0.375,INLINE,GOLDILOCKS,HIGH,0.0,1.0,7.0,-2.0,-1.0,2.0,2.0,-2.78
2018-01-01,CPI_MOM,0.425,1.515,BEAT,GOLDILOCKS,MEDIUM,6.0,9.0,32.0,3.0,2.0,3.0,7.0,22.2
2018-02-01,CPI_MOM,0.269,0.54,BEAT,GOLDILOCKS,MEDIUM,6.0,7.0,10.0,7.0,10.0,-1.0,-3.0,-59.85
2018-03-01,CPI_MOM,0.019,-0.81,MISS,GOLDILOCKS,MEDIUM,5.0,5.0,-8.0,2.0,2.0,3.0,3.0,13.58
2018-04-01,CPI_MOM,0.26,0.137,INLINE,GOLDILOCKS,MEDIUM,-1.0,3.0,21.0,1.0,3.0,-2.0,0.0,-58.99
2018-05-01,CPI_MOM,0.226,-0.109,INLINE,GOLDILOCKS,MEDIUM,0.0,0.0,-14.0,1.0,-1.0,-1.0,1.0,-19.13
2018-06-01,CPI_MOM,0.09,-0.974,MISS,GOLDILOCKS,MEDIUM,5.0,4.0,-2.0,0.0,1.0,5.0,3.0,12.25
2018-07-01,CPI_MOM,0.078,-1.084,MISS,GOLDILOCKS,MEDIUM,2.0,1.0,11.0,-3.0,-4.0,5.0,5.0,8.34
2018-08-01,CPI_MOM,0.179,-0.272,INLINE,GOLDILOCKS,MEDIUM,-2.0,-4.0,-14.0,-1.0,-5.0,-1.0,1.0,13.86
2018-09-01,CPI_MOM,0.206,-0.02,INLINE,GOLDILOCKS,MEDIUM,4.0,8.0,19.0,0.0,-3.0,4.0,11.0,-4.8
2018-10-01,CPI_MOM,0.234,0.147,INLINE,GOLDILOCKS,LOW,-4.0,12.0,6.0,-4.0,6.0,0.0,6.0,-1.16
2018-11-01,CPI_MOM,-0.07,-2.132,MISS,DEFLATION_RISK,LOW,8.0,10.0,-23.0,1.0,-4.0,7.0,14.0,-17.31
2018-12-01,CPI_MOM,0.068,-0.926,MISS,DEFLATION_RISK,LOW,-3.0,-16.0,-45.0,-6.0,-8.0,3.0,-8.0,30.2
2019-01-01,CPI_MOM,-0.081,-1.741,MISS,GOLDILOCKS,MEDIUM,-3.0,4.0,-6.0,-5.0,-6.0,2.0,10.0,3.18
2019-02-01,CPI_MOM,0.3,1.298,BEAT,DEFLATION_RISK,LOW,3.0,-7.0,2.0,2.0,-0.0,1.0,-7.0,18.34
2019-03-01,CPI_MOM,0.378,1.311,BEAT,GOLDILOCKS,MEDIUM,-4.0,-14.0,-27.0,-4.0,-4.0,0.0,-10.0,-10.88
2019-04-01,CPI_MOM,0.376,1.2,BEAT,GOLDILOCKS,MEDIUM,-1.0,3.0,3.0,2.0,0.0,-3.0,3.0,0.05
2019-05-01,CPI_MOM,0.025,-0.701,MISS,GOLDILOCKS,MEDIUM,3.0,-3.0,-38.0,-1.0,-2.0,4.0,-1.0,-6.21
2019-06-01,CPI_MOM,-0.033,-0.978,MISS,GOLDILOCKS,MEDIUM,-7.0,-5.0,-11.0,6.0,5.0,-13.0,-10.0,-7.61
2019-07-01,CPI_MOM,0.231,0.232,INLINE,GOLDILOCKS,MEDIUM,-5.0,4.0,-1.0,-4.0,-10.0,-1.0,14.0,8.68
2019-08-01,CPI_MOM,0.091,-0.346,INLINE,GOLDILOCKS,MEDIUM,-4.0,-18.0,-40.0,-3.0,-7.0,-1.0,-11.0,-21.51
2019-09-01,CPI_MOM,0.154,0.189,INLINE,GOLDILOCKS,MEDIUM,-3.0,13.0,15.0,0.0,5.0,-3.0,8.0,-20.19
2019-10-01,CPI_MOM,0.283,0.952,BEAT,GOLDILOCKS,MEDIUM,-5.0,-11.0,4.0,3.0,3.0,-8.0,-14.0,-52.64
2019-11-01,CPI_MOM,0.282,0.566,BEAT,GOLDILOCKS,MEDIUM,6.0,21.0,4.0,2.0,9.0,4.0,12.0,11.36
2019-12-01,CPI_MOM,0.291,0.223,INLINE,GOLDILOCKS,MEDIUM,5.0,6.0,14.0,5.0,6.0,0.0,0.0,-27.11
2020-01-01,CPI_MOM,0.192,-0.485,INLINE,DEFLATION_RISK,MEDIUM,-4.0,-5.0,-41.0,-4.0,-5.0,0.0,0.0,27.07
2020-02-01,CPI_MOM,0.047,-1.196,MISS,DEFLATION_RISK,MEDIUM,3.0,8.0,-49.0,0.0,0.0,3.0,8.0,23.4
2020-03-01,CPI_MOM,-0.453,-2.845,MISS,DEFLATION_RISK,HIGH,-3.0,-39.0,-43.0,-1.0,-2.0,-2.0,-37.0,136.01
2020-04-01,CPI_MOM,-0.792,-2.776,MISS,DEFLATION_RISK,HIGH,1.0,15.0,2.0,1.0,11.0,0.0,4.0,56.4
2020-05-01,CPI_MOM,-0.09,-0.642,MISS,DEFLATION_RISK,HIGH,0.0,5.0,4.0,1.0,9.0,-1.0,-4.0,12.03
2020-06-01,CPI_MOM,0.485,0.874,BEAT,DEFLATION_RISK,HIGH,2.0,22.0,0.0,-1.0,14.0,3.0,8.0,25.09
2020-07-01,CPI_MOM,0.51,0.892,BEAT,GOLDILOCKS,HIGH,-1.0,-7.0,-14.0,0.0,-6.0,-1.0,-1.0,14.15
2020-08-01,CPI_MOM,0.373,0.352,INLINE,GOLDILOCKS,HIGH,1.0,2.0,17.0,1.0,-0.0,0.0,2.0,23.49
2020-09-01,CPI_MOM,0.263,-0.024,INLINE,GOLDILOCKS,HIGH,-2.0,3.0,0.0,-3.0,2.0,1.0,1.0,54.19
2020-10-01,CPI_MOM,0.124,-0.269,INLINE,GOLDILOCKS,HIGH,2.0,10.0,19.0,3.0,11.0,-1.0,-1.0,-32.36
2020-11-01,CPI_MOM,0.227,0.046,INLINE,GOLDILOCKS,HIGH,-1.0,-5.0,7.0,-3.0,-7.0,2.0,2.0,40.28
2020-12-01,CPI_MOM,0.435,0.573,BEAT,GOLDILOCKS,MEDIUM,3.0,0.0,1.0,4.0,3.0,-1.0,-3.0,6.56
2021-01-01,CPI_MOM,0.245,0.022,INLINE,GOLDILOCKS,HIGH,0.0,20.0,19.0,2.0,19.0,-2.0,1.0,-55.42
2021-02-01,CPI_MOM,0.34,0.215,INLINE,GOLDILOCKS,HIGH,3.0,10.0,38.0,3.0,10.0,0.0,0.0,52.45
2021-03-01,CPI_MOM,0.524,0.612,BEAT,GOLDILOCKS,HIGH,-3.0,14.0,28.0,-3.0,10.0,0.0,4.0,-31.53
2021-04-01,CPI_MOM,0.624,1.348,BEAT,REFLATION,MEDIUM,3.0,-5.0,-4.0,1.0,-2.0,2.0,-3.0,58.04
2021-05-01,CPI_MOM,0.664,1.55,BEAT,REFLATION,HIGH,-2.0,-5.0,-3.0,-2.0,-3.0,0.0,-2.0,11.49
2021-06-01,CPI_MOM,0.846,2.098,BEAT,REFLATION,HIGH,-3.0,-9.0,-17.0,-0.0,-7.0,-3.0,-2.0,6.08
2021-07-01,CPI_MOM,0.461,0.275,INLINE,REFLATION,HIGH,-4.0,-11.0,-28.0,-3.0,-9.0,-1.0,-2.0,32.4
2021-08-01,CPI_MOM,0.284,-0.482,INLINE,REFLATION,HIGH,-4.0,7.0,5.0,-2.0,5.0,-2.0,2.0,-8.1
2021-09-01,CPI_MOM,0.453,0.043,INLINE,REFLATION,HIGH,-2.0,-1.0,17.0,-2.0,-4.0,0.0,3.0,12.86
2021-10-01,CPI_MOM,0.964,2.176,BEAT,REFLATION,HIGH,1.0,13.0,8.0,1.0,8.0,0.0,5.0,-56.58
2021-11-01,CPI_MOM,0.857,1.545,BEAT,REFLATION,HIGH,-2.0,-7.0,-14.0,2.0,-2.0,-4.0,-5.0,16.98
2021-12-01,CPI_MOM,0.691,0.496,INLINE,REFLATION,HIGH,1.0,9.0,9.0,-6.0,-3.0,7.0,12.0,64.06
2022-01-01,CPI_MOM,0.605,-0.046,INLINE,REFLATION,HIGH,11.0,24.0,29.0,6.0,10.0,5.0,14.0,30.38
2022-02-01,CPI_MOM,0.693,0.254,INLINE,REFLATION,MEDIUM,-3.0,15.0,5.0,-1.0,-2.0,-2.0,17.0,42.84
2022-03-01,CPI_MOM,1.116,1.888,BEAT,REFLATION,HIGH,14.0,14.0,63.0,-5.0,-18.0,19.0,32.0,80.28
2022-04-01,CPI_MOM,0.308,-1.436,MISS,REFLATION,HIGH,3.0,33.0,58.0,4.0,24.0,-1.0,9.0,36.78
2022-05-01,CPI_MOM,0.948,0.952,BEAT,REFLATION,HIGH,10.0,23.0,-4.0,7.0,21.0,3.0,2.0,23.45
2022-06-01,CPI_MOM,1.256,1.796,BEAT,REFLATION,HIGH,-2.0,9.0,-6.0,-1.0,-3.0,-1.0,12.0,75.59
2022-07-01,CPI_MOM,-0.015,-1.888,MISS,REFLATION,HIGH,-6.0,11.0,-13.0,-4.0,-12.0,-2.0,23.0,6.06
2022-08-01,CPI_MOM,0.062,-1.572,MISS,REFLATION,HIGH,15.0,17.0,51.0,-1.0,-14.0,16.0,31.0,-27.44
2022-09-01,CPI_MOM,0.424,-0.666,MISS,REFLATION,HIGH,-6.0,7.0,41.0,5.0,2.0,-11.0,5.0,-42.59
2022-10-01,CPI_MOM,0.559,-0.226,INLINE,REFLATION,HIGH,-16.0,6.0,24.0,-6.0,-2.0,-10.0,8.0,92.81
2022-11-01,CPI_MOM,0.261,-0.809,MISS,REFLATION,HIGH,3.0,7.0,-56.0,-4.0,-6.0,7.0,13.0,-96.41
2022-12-01,CPI_MOM,0.015,-1.12,MISS,REFLATION,MEDIUM,-2.0,-5.0,26.0,-5.0,-11.0,3.0,6.0,-4.87
2023-01-01,CPI_MOM,0.531,0.126,INLINE,REFLATION,HIGH,-9.0,-35.0,-49.0,-8.0,-13.0,-1.0,-22.0,-15.36
2023-02-01,CPI_MOM,0.343,-0.096,INLINE,REFLATION,HIGH,1.0,24.0,58.0,1.0,-12.0,0.0,36.0,60.55
2023-03-01,CPI_MOM,0.123,-0.528,MISS,REFLATION,HIGH,7.0,-3.0,-46.0,7.0,-19.0,0.0,16.0,29.96
2023-04-01,CPI_MOM,0.339,-0.005,INLINE,REFLATION,HIGH,-5.0,-9.0,11.0,4.0,-0.0,-9.0,-9.0,15.2
2023-05-01,CPI_MOM,0.161,-0.4,INLINE,REFLATION,HIGH,-15.0,-7.0,5.0,2.0,7.0,-17.0,-14.0,-48.29
2023-06-01,CPI_MOM,0.224,-0.097,INLINE,REFLATION,MEDIUM,8.0,12.0,25.0,-9.0,-7.0,17.0,19.0,61.35
2023-07-01,CPI_MOM,0.196,-0.27,INLINE,REFLATION,HIGH,5.0,20.0,24.0,-2.0,22.0,7.0,-2.0,5.21
2023-08-01,CPI_MOM,0.484,1.07,BEAT,REFLATION,HIGH,3.0,-3.0,7.0,7.0,15.0,-4.0,-18.0,-63.34
2023-09-01,CPI_MOM,0.39,0.53,BEAT,REFLATION,MEDIUM,9.0,11.0,63.0,2.0,1.0,7.0,10.0,-18.94
2023-10-01,CPI_MOM,0.137,-0.687,MISS,REFLATION,MEDIUM,10.0,19.0,29.0,1.0,14.0,9.0,5.0,0.34
2023-11-01,CPI_MOM,0.147,-0.398,INLINE,REFLATION,MEDIUM,-10.0,-28.0,-55.0,-13.0,-26.0,3.0,-2.0,79.92
2023-12-01,CPI_MOM,0.192,-0.124,INLINE,REFLATION,MEDIUM,6.0,1.0,-31.0,-2.0,-14.0,8.0,15.0,-24.85
2024-01-01,CPI_MOM,0.31,0.861,BEAT,REFLATION,LOW,7.0,13.0,11.0,-3.0,0.0,10.0,13.0,-27.0
2024-02-01,CPI_MOM,0.41,1.634,BEAT,STAGFLATION_RISK,LOW,16.0,28.0,35.0,0.0,2.0,16.0,26.0,52.42
2024-03-01,CPI_MOM,0.443,1.411,BEAT,STAGFLATION_RISK,LOW,3.0,-10.0,17.0,-4.0,-4.0,7.0,-6.0,-6.13
2024-04-01,CPI_MOM,0.217,-0.028,INLINE,REFLATION,LOW,3.0,9.0,36.0,5.0,3.0,-2.0,6.0,-37.96
2024-05-01,CPI_MOM,0.049,-1.247,MISS,REFLATION,LOW,-5.0,-15.0,-12.0,4.0,-3.0,-9.0,-12.0,45.81
2024-06-01,CPI_MOM,-0.042,-1.511,MISS,REFLATION,LOW,-10.0,-8.0,-8.0,-3.0,-6.0,-7.0,-2.0,5.89
2024-07-01,CPI_MOM,0.168,-0.224,INLINE,STAGFLATION_RISK,LOW,-5.0,-18.0,-39.0,-2.0,-3.0,-3.0,-15.0,33.92
2024-08-01,CPI_MOM,0.157,-0.155,INLINE,STAGFLATION_RISK,LOW,-19.0,0.0,-8.0,9.0,12.0,-28.0,-12.0,-100.12
2024-09-01,CPI_MOM,0.213,0.243,INLINE,REFLATION,LOW,-7.0,-21.0,-17.0,-4.0,2.0,-3.0,-23.0,-119.47
2024-10-01,CPI_MOM,0.286,0.601,BEAT,STAGFLATION_RISK,LOW,5.0,30.0,54.0,3.0,-7.0,2.0,37.0,0.79
2024-11-01,CPI_MOM,0.284,0.502,BEAT,REFLATION,LOW,-6.0,-7.0,-18.0,-2.0,-12.0,-4.0,5.0,-16.11
2024-12-01,CPI_MOM,0.34,0.634,BEAT,REFLATION,LOW,1.0,-3.0,40.0,-3.0,0.0,4.0,-3.0,14.77
2025-01-01,CPI_MOM,0.427,1.176,BEAT,STAGFLATION_RISK,LOW,-1.0,9.0,0.0,-1.0,6.0,0.0,3.0,-13.08
2025-02-01,CPI_MOM,0.225,0.028,INLINE,STAGFLATION_RISK,LOW,-4.0,-9.0,-36.0,-8.0,-16.0,4.0,7.0,-45.96
2025-03-01,CPI_MOM,0.033,-1.354,MISS,STAGFLATION_RISK,LOW,-8.0,8.0,-1.0,-5.0,8.0,-3.0,0.0,-104.78
2025-04-01,CPI_MOM,0.162,-0.214,INLINE,REFLATION,LOW,3.0,9.0,8.0,-1.0,25.0,4.0,-16.0,37.9
2025-05-01,CPI_MOM,0.099,-0.7,MISS,REFLATION,LOW,8.0,12.0,21.0,-5.0,-8.0,13.0,20.0,82.53
2025-06-01,CPI_MOM,0.254,0.326,INLINE,REFLATION,LOW,5.0,10.0,-15.0,0.0,-5.0,5.0,15.0,24.25
2025-07-01,CPI_MOM,0.228,0.015,INLINE,REFLATION,LOW,4.0,8.0,11.0,4.0,0.0,0.0,8.0,29.41
2025-08-01,CPI_MOM,0.348,0.981,BEAT,REFLATION,LOW,-1.0,4.0,5.0,-1.0,-3.0,0.0,7.0,91.93
2025-09-01,CPI_MOM,0.295,0.236,INLINE,REFLATION,LOW,5.0,-18.0,-7.0,-2.0,-8.0,7.0,-10.0,-44.72
2025-11-01,CPI_MOM,0.252,-0.009,INLINE,STAGFLATION_RISK,LOW,2.0,0.0,-5.0,2.0,5.0,0.0,-5.0,11.77
2025-12-01,CPI_MOM,0.298,0.407,INLINE,STAGFLATION_RISK,LOW,0.0,8.0,9.0,3.0,5.0,-3.0,3.0,16.74
2026-01-01,CPI_MOM,0.171,-0.647,MISS,REFLATION,LOW,1.0,1.0,11.0,1.0,-1.0,0.0,2.0,12.97
2026-02-01,CPI_MOM,0.267,0.298,INLINE,STAGFLATION_RISK,LOW,3.0,-4.0,-20.0,-2.0,-2.0,5.0,-2.0,37.41
2026-03-01,CPI_MOM,0.865,2.958,BEAT,REFLATION,LOW,8.0,18.0,38.0,-1.0,0.0,9.0,18.0,2.74
2005-01-01,PCE_MOM,0.36,2.432,BEAT,GOLDILOCKS,MEDIUM,-1.0,5.0,-9.0,-3.0,-7.0,2.0,12.0,
2005-02-01,PCE_MOM,0.166,-0.013,INLINE,GOLDILOCKS,MEDIUM,0.0,-10.0,24.0,-3.0,-14.0,3.0,4.0,
2005-03-01,PCE_MOM,0.247,0.848,BEAT,GOLDILOCKS,MEDIUM,0.0,0.0,12.0,2.0,-3.0,-2.0,3.0,
2005-04-01,PCE_MOM,0.115,-0.58,MISS,GOLDILOCKS,LOW,1.0,4.0,-25.0,2.0,2.0,-1.0,2.0,
2005-05-01,PCE_MOM,0.205,0.355,INLINE,GOLDILOCKS,LOW,0.0,7.0,-21.0,2.0,0.0,-2.0,7.0,
2005-06-01,PCE_MOM,0.07,-1.237,MISS,GOLDILOCKS,MEDIUM,-2.0,4.0,3.0,-4.0,-6.0,2.0,10.0,
2005-07-01,PCE_MOM,0.146,-0.357,INLINE,GOLDILOCKS,MEDIUM,5.0,5.0,28.0,2.0,0.0,3.0,5.0,
2005-08-01,PCE_MOM,0.082,-1.191,MISS,GOLDILOCKS,MEDIUM,2.0,10.0,-16.0,0.0,-2.0,2.0,12.0,
2005-09-01,PCE_MOM,0.221,0.442,INLINE,GOLDILOCKS,LOW,1.0,12.0,37.0,-2.0,-4.0,3.0,16.0,
2005-10-01,PCE_MOM,0.288,1.184,BEAT,GOLDILOCKS,LOW,5.0,1.0,24.0,2.0,1.0,3.0,0.0,
2005-11-01,PCE_MOM,0.255,0.791,BEAT,GOLDILOCKS,LOW,3.0,-1.0,-6.0,2.0,-2.0,1.0,1.0,
2005-12-01,PCE_MOM,0.104,-0.91,MISS,GOLDILOCKS,MEDIUM,0.0,-5.0,-15.0,2.0,3.0,-2.0,-8.0,
2006-01-01,PCE_MOM,0.224,0.527,BEAT,GOLDILOCKS,HIGH,-2.0,-1.0,18.0,5.0,4.0,-7.0,-5.0,
2006-02-01,PCE_MOM,0.161,-0.301,INLINE,GOLDILOCKS,MEDIUM,0.0,-1.0,11.0,0.0,-6.0,0.0,5.0,
2006-03-01,PCE_MOM,0.276,1.217,BEAT,GOLDILOCKS,MEDIUM,5.0,14.0,27.0,4.0,13.0,1.0,1.0,
2006-04-01,PCE_MOM,0.305,1.129,BEAT,GOLDILOCKS,LOW,2.0,11.0,26.0,-2.0,4.0,4.0,7.0,
2006-05-01,PCE_MOM,0.251,0.336,INLINE,REFLATION,LOW,-2.0,-2.0,-2.0,0.0,-5.0,-2.0,3.0,
2006-06-01,PCE_MOM,0.252,0.204,INLINE,REFLATION,LOW,-11.0,-11.0,4.0,1.0,-8.0,-12.0,-3.0,
2006-07-01,PCE_MOM,0.097,-1.779,MISS,REFLATION,LOW,0.0,-2.0,-16.0,-1.0,-3.0,1.0,1.0,
2006-08-01,PCE_MOM,0.204,-0.492,INLINE,STAGFLATION_RISK,LOW,-3.0,-6.0,-23.0,-3.0,-0.0,0.0,-6.0,
2006-09-01,PCE_MOM,0.158,-1.14,MISS,REFLATION,LOW,5.0,7.0,-11.0,2.0,1.0,3.0,6.0,
2006-10-01,PCE_MOM,0.181,-0.498,INLINE,REFLATION,LOW,-2.0,6.0,-3.0,3.0,3.0,-5.0,3.0,
2006-11-01,PCE_MOM,0.047,-1.848,MISS,GOLDILOCKS,LOW,3.0,7.0,-14.0,2.0,-2.0,1.0,9.0,
2006-12-01,PCE_MOM,0.134,-0.763,MISS,GOLDILOCKS,LOW,0.0,13.0,24.0,0.0,-3.0,0.0,16.0,
2007-01-01,PCE_MOM,0.405,2.17,BEAT,GOLDILOCKS,LOW,-3.0,-5.0,12.0,-1.0,-1.0,-2.0,-4.0,
2007-02-01,PCE_MOM,0.216,0.061,INLINE,REFLATION,LOW,-1.0,-11.0,-33.0,1.0,-2.0,-2.0,-9.0,
2007-03-01,PCE_MOM,0.101,-0.923,MISS,GOLDILOCKS,LOW,-4.0,-5.0,9.0,3.0,2.0,-7.0,-7.0,
2007-04-01,PCE_MOM,0.143,-0.282,INLINE,GOLDILOCKS,LOW,0.0,11.0,-2.0,-2.0,-6.0,2.0,17.0,
2007-05-01,PCE_MOM,0.118,-0.345,INLINE,GOLDILOCKS,LOW,1.0,-1.0,26.0,-1.0,-6.0,2.0,5.0,
2007-06-01,PCE_MOM,0.166,0.174,INLINE,GOLDILOCKS,LOW,-2.0,17.0,5.0,-2.0,13.0,0.0,4.0,
2007-07-01,PCE_MOM,0.15,-0.042,INLINE,DEFLATION_RISK,LOW,-3.0,13.0,-25.0,-2.0,3.0,-1.0,10.0,
2007-08-01,PCE_MOM,0.149,-0.008,INLINE,DEFLATION_RISK,LOW,1.0,8.0,-25.0,-2.0,0.0,3.0,8.0,
2007-09-01,PCE_MOM,0.273,1.338,BEAT,GOLDILOCKS,LOW,2.0,-20.0,0.0,4.0,8.0,-2.0,-28.0,
2007-10-01,PCE_MOM,0.261,1.162,BEAT,GOLDILOCKS,LOW,-2.0,11.0,-8.0,2.0,-2.0,-4.0,13.0,
2007-11-01,PCE_MOM,0.196,0.447,INLINE,GOLDILOCKS,LOW,-5.0,-8.0,-47.0,6.0,22.0,-11.0,-30.0,
2007-12-01,PCE_MOM,0.201,0.233,INLINE,DEFLATION_RISK,LOW,-8.0,15.0,-6.0,6.0,7.0,-14.0,8.0,
2008-01-01,PCE_MOM,0.199,0.339,INLINE,DEFLATION_RISK,MEDIUM,-13.0,-18.0,-37.0,4.0,11.0,-17.0,-29.0,
2008-02-01,PCE_MOM,0.098,-1.061,MISS,DEFLATION_RISK,MEDIUM,6.0,2.0,1.0,7.0,18.0,-1.0,-16.0,
2008-03-01,PCE_MOM,0.196,0.289,INLINE,DEFLATION_RISK,MEDIUM,1.0,3.0,4.0,5.0,15.0,-4.0,-12.0,
2008-04-01,PCE_MOM,0.058,-1.956,MISS,DEFLATION_RISK,MEDIUM,3.0,1.0,20.0,-5.0,-6.0,8.0,7.0,
2008-05-01,PCE_MOM,0.182,-0.118,INLINE,DEFLATION_RISK,MEDIUM,11.0,1.0,20.0,1.0,13.0,10.0,-12.0,
2008-06-01,PCE_MOM,0.23,0.537,BEAT,DEFLATION_RISK,MEDIUM,-8.0,-12.0,-7.0,7.0,14.0,-15.0,-26.0,
2008-07-01,PCE_MOM,0.18,-0.265,INLINE,DEFLATION_RISK,HIGH,-2.0,-16.0,-2.0,1.0,6.0,-3.0,-22.0,
2008-08-01,PCE_MOM,0.123,-1.166,MISS,DEFLATION_RISK,HIGH,1.0,-3.0,-23.0,-1.0,-3.0,2.0,0.0,
2008-09-01,PCE_MOM,0.102,-1.446,MISS,DEFLATION_RISK,HIGH,-9.0,-17.0,2.0,1.0,-11.0,-10.0,-6.0,
2008-10-01,PCE_MOM,-0.142,-3.168,MISS,DEFLATION_RISK,HIGH,-11.0,-5.0,24.0,9.0,12.0,-20.0,-17.0,
2008-11-01,PCE_MOM,-0.044,-1.748,MISS,DEFLATION_RISK,HIGH,-5.0,-18.0,-134.0,6.0,5.0,-11.0,-23.0,
2008-12-01,PCE_MOM,-0.049,-1.372,MISS,DEFLATION_RISK,HIGH,-4.0,5.0,-47.0,-4.0,-2.0,0.0,7.0,
2009-01-01,PCE_MOM,-0.031,-1.109,MISS,DEFLATION_RISK,HIGH,21.0,22.0,51.0,9.0,15.0,12.0,7.0,
2009-02-01,PCE_MOM,0.08,-0.096,INLINE,DEFLATION_RISK,HIGH,-11.0,18.0,6.0,-6.0,13.0,-5.0,5.0,
2009-03-01,PCE_MOM,0.072,-0.036,INLINE,DEFLATION_RISK,HIGH,-11.0,-19.0,-29.0,0.0,-10.0,-11.0,-9.0,
2009-04-01,PCE_MOM,0.223,1.096,BEAT,DEFLATION_RISK,HIGH,9.0,18.0,53.0,4.0,8.0,5.0,10.0,
2009-05-01,PCE_MOM,0.077,-0.011,INLINE,DEFLATION_RISK,HIGH,-2.0,8.0,44.0,-4.0,0.0,2.0,8.0,
2009-06-01,PCE_MOM,0.128,0.468,INLINE,DEFLATION_RISK,HIGH,-6.0,20.0,-18.0,-5.0,-25.0,-1.0,45.0,
2009-07-01,PCE_MOM,0.086,0.076,INLINE,DEFLATION_RISK,HIGH,-4.0,-11.0,-3.0,3.0,0.0,-7.0,-11.0,
2009-08-01,PCE_MOM,0.148,0.686,BEAT,DEFLATION_RISK,HIGH,14.0,37.0,-12.0,9.0,18.0,5.0,19.0,
2009-09-01,PCE_MOM,0.176,0.915,BEAT,DEFLATION_RISK,HIGH,-9.0,10.0,-17.0,-6.0,9.0,-3.0,1.0,
2009-10-01,PCE_MOM,0.368,2.384,BEAT,DEFLATION_RISK,MEDIUM,3.0,6.0,24.0,2.0,3.0,1.0,3.0,
2009-11-01,PCE_MOM,0.088,0.007,INLINE,GOLDILOCKS,MEDIUM,4.0,13.0,-9.0,2.0,17.0,2.0,-4.0,
2009-12-01,PCE_MOM,0.085,-0.015,INLINE,DEFLATION_RISK,MEDIUM,4.0,12.0,57.0,-1.0,6.0,5.0,6.0,
2010-01-01,PCE_MOM,0.148,0.466,INLINE,GOLDILOCKS,MEDIUM,0.0,-2.0,-18.0,5.0,16.0,-5.0,-18.0,
2010-02-01,PCE_MOM,0.087,-0.239,INLINE,DEFLATION_RISK,MEDIUM,-1.0,-6.0,-5.0,-1.0,1.0,0.0,-7.0,
2010-03-01,PCE_MOM,0.149,0.13,INLINE,GOLDILOCKS,MEDIUM,1.0,11.0,27.0,1.0,1.0,0.0,10.0,
2010-04-01,PCE_MOM,0.051,-0.677,MISS,GOLDILOCKS,HIGH,7.0,2.0,-20.0,1.0,-2.0,6.0,4.0,
2010-05-01,PCE_MOM,0.11,-0.107,INLINE,GOLDILOCKS,HIGH,3.0,-24.0,-40.0,0.0,-10.0,3.0,-14.0,
2010-06-01,PCE_MOM,0.048,-0.596,MISS,GOLDILOCKS,HIGH,6.0,-11.0,-32.0,2.0,-7.0,4.0,-4.0,
2010-07-01,PCE_MOM,0.002,-1.045,MISS,GOLDILOCKS,HIGH,4.0,11.0,3.0,4.0,11.0,0.0,0.0,
2010-08-01,PCE_MOM,0.096,0.045,INLINE,GOLDILOCKS,HIGH,5.0,-8.0,-40.0,4.0,-3.0,1.0,-5.0,
2010-09-01,PCE_MOM,0.057,-0.333,INLINE,DEFLATION_RISK,MEDIUM,5.0,19.0,-4.0,5.0,12.0,0.0,7.0,
2010-10-01,PCE_MOM,0.152,1.413,BEAT,GOLDILOCKS,HIGH,-4.0,-13.0,9.0,-3.0,-6.0,-1.0,-7.0,
2010-11-01,PCE_MOM,0.13,0.81,BEAT,DEFLATION_RISK,MEDIUM,-3.0,-6.0,35.0,-3.0,-13.0,0.0,7.0,
2010-12-01,PCE_MOM,0.021,-1.361,MISS,GOLDILOCKS,HIGH,4.0,29.0,33.0,2.0,19.0,2.0,10.0,
2011-01-01,PCE_MOM,0.214,1.995,BEAT,DEFLATION_RISK,MEDIUM,6.0,4.0,18.0,6.0,5.0,0.0,-1.0,
2011-02-01,PCE_MOM,0.175,1.091,BEAT,GOLDILOCKS,MEDIUM,4.0,27.0,10.0,-2.0,2.0,6.0,25.0,
2011-03-01,PCE_MOM,0.151,0.732,BEAT,GOLDILOCKS,MEDIUM,5.0,15.0,6.0,2.0,8.0,3.0,7.0,
2011-04-01,PCE_MOM,0.229,1.488,BEAT,GOLDILOCKS,MEDIUM,-1.0,13.0,-18.0,2.0,10.0,-3.0,3.0,
2011-05-01,PCE_MOM,0.238,1.193,BEAT,GOLDILOCKS,MEDIUM,-1.0,-13.0,-27.0,-1.0,-9.0,0.0,-4.0,
2011-06-01,PCE_MOM,0.11,-0.396,INLINE,GOLDILOCKS,MEDIUM,8.0,2.0,22.0,7.0,7.0,1.0,-5.0,
2011-07-01,PCE_MOM,0.148,-0.025,INLINE,DEFLATION_RISK,MEDIUM,-6.0,-28.0,-56.0,0.0,-15.0,-6.0,-13.0,
2011-08-01,PCE_MOM,0.199,0.715,BEAT,DEFLATION_RISK,LOW,-11.0,-37.0,-58.0,-6.0,-26.0,-5.0,-11.0,
2011-09-01,PCE_MOM,0.068,-1.294,MISS,GOLDILOCKS,MEDIUM,-13.0,-22.0,-35.0,-14.0,-20.0,1.0,-2.0,
2011-10-01,PCE_MOM,0.048,-1.417,MISS,GOLDILOCKS,HIGH,-12.0,18.0,9.0,-11.0,13.0,-1.0,5.0,
2011-11-01,PCE_MOM,0.212,0.657,BEAT,GOLDILOCKS,HIGH,2.0,9.0,4.0,2.0,7.0,0.0,2.0,
2011-12-01,PCE_MOM,0.166,-0.075,INLINE,GOLDILOCKS,HIGH,-6.0,-12.0,-14.0,-4.0,-7.0,-2.0,-5.0,
2012-01-01,PCE_MOM,0.299,1.787,BEAT,GOLDILOCKS,HIGH,8.0,9.0,-2.0,6.0,8.0,2.0,1.0,
2012-02-01,PCE_MOM,0.14,-0.256,INLINE,GOLDILOCKS,MEDIUM,-1.0,14.0,12.0,-1.0,10.0,0.0,4.0,
2012-03-01,PCE_MOM,0.17,0.03,INLINE,GOLDILOCKS,MEDIUM,-4.0,0.0,20.0,-2.0,-2.0,-2.0,2.0,
2012-04-01,PCE_MOM,0.151,-0.102,INLINE,GOLDILOCKS,LOW,-1.0,-16.0,-28.0,-1.0,-15.0,0.0,-1.0,
2012-05-01,PCE_MOM,0.101,-0.713,MISS,GOLDILOCKS,LOW,-2.0,-10.0,-39.0,-2.0,-10.0,0.0,0.0,
2012-06-01,PCE_MOM,0.102,-0.694,MISS,GOLDILOCKS,LOW,6.0,18.0,14.0,6.0,15.0,0.0,3.0,
2012-07-01,PCE_MOM,0.103,-0.608,MISS,DEFLATION_RISK,MEDIUM,-6.0,-14.0,-16.0,-3.0,-8.0,-3.0,-6.0,
2012-08-01,PCE_MOM,0.063,-0.818,MISS,DEFLATION_RISK,MEDIUM,-5.0,12.0,7.0,-5.0,7.0,0.0,5.0,
2012-09-01,PCE_MOM,0.123,-0.127,INLINE,GOLDILOCKS,MEDIUM,2.0,11.0,7.0,1.0,8.0,1.0,3.0,
2012-10-01,PCE_MOM,0.243,1.441,BEAT,GOLDILOCKS,MEDIUM,0.0,10.0,11.0,2.0,10.0,-2.0,0.0,
2012-11-01,PCE_MOM,0.107,-0.363,INLINE,GOLDILOCKS,MEDIUM,0.0,-13.0,-13.0,2.0,-10.0,-2.0,-3.0,
2012-12-01,PCE_MOM,0.074,-0.592,MISS,DEFLATION_RISK,LOW,1.0,2.0,24.0,1.0,2.0,0.0,0.0,
2013-01-01,PCE_MOM,0.202,1.658,BEAT,GOLDILOCKS,MEDIUM,8.0,11.0,24.0,6.0,11.0,2.0,0.0,
2013-02-01,PCE_MOM,0.109,0.016,INLINE,GOLDILOCKS,MEDIUM,-4.0,-5.0,-14.0,-2.0,-3.0,-2.0,-2.0,
2013-03-01,PCE_MOM,0.092,-0.26,INLINE,GOLDILOCKS,MEDIUM,2.0,20.0,2.0,3.0,18.0,-1.0,2.0,
2013-04-01,PCE_MOM,0.049,-0.973,MISS,GOLDILOCKS,MEDIUM,2.0,-10.0,-16.0,-0.0,-11.0,2.0,1.0,
2013-05-01,PCE_MOM,0.117,0.214,INLINE,GOLDILOCKS,MEDIUM,0.0,15.0,50.0,0.0,13.0,0.0,2.0,
2013-06-01,PCE_MOM,0.172,1.119,BEAT,GOLDILOCKS,MEDIUM,-3.0,1.0,34.0,-3.0,-1.0,0.0,2.0,
2013-07-01,PCE_MOM,0.127,0.252,INLINE,GOLDILOCKS,MEDIUM,-2.0,15.0,10.0,-2.0,12.0,0.0,3.0,
2013-08-01,PCE_MOM,0.108,-0.089,INLINE,GOLDILOCKS,MEDIUM,-11.0,-16.0,4.0,-6.0,-11.0,-5.0,-5.0,
2013-09-01,PCE_MOM,0.119,0.104,INLINE,GOLDILOCKS,HIGH,8.0,12.0,-12.0,4.0,6.0,4.0,6.0,
2013-10-01,PCE_MOM,0.169,1.308,BEAT,GOLDILOCKS,HIGH,-3.0,0.0,-9.0,-1.0,-7.0,-2.0,7.0,
2013-11-01,PCE_MOM,0.166,1.073,BEAT,GOLDILOCKS,HIGH,-2.0,12.0,19.0,-1.0,13.0,-1.0,-1.0,
2013-12-01,PCE_MOM,0.106,-0.27,INLINE,GOLDILOCKS,HIGH,6.0,13.0,29.0,4.0,11.0,2.0,2.0,
2014-01-01,PCE_MOM,0.108,-0.128,INLINE,GOLDILOCKS,MEDIUM,-4.0,-3.0,-37.0,-5.0,-8.0,1.0,5.0,
2014-02-01,PCE_MOM,0.047,-1.591,MISS,DEFLATION_RISK,MEDIUM,-6.0,4.0,3.0,-2.0,8.0,-4.0,-4.0,
2014-03-01,PCE_MOM,0.148,0.734,BEAT,DEFLATION_RISK,MEDIUM,-6.0,14.0,7.0,-5.0,9.0,-1.0,5.0,
2014-04-01,PCE_MOM,0.171,1.292,BEAT,GOLDILOCKS,HIGH,5.0,-8.0,-14.0,2.0,-4.0,3.0,-4.0,
2014-05-01,PCE_MOM,0.169,0.802,BEAT,GOLDILOCKS,HIGH,-3.0,-2.0,-9.0,-4.0,-1.0,1.0,-1.0,
2014-06-01,PCE_MOM,0.113,-0.27,INLINE,GOLDILOCKS,HIGH,6.0,12.0,5.0,4.0,8.0,2.0,4.0,
2014-07-01,PCE_MOM,0.173,1.023,BEAT,GOLDILOCKS,HIGH,6.0,-1.0,0.0,4.0,-5.0,2.0,4.0,
2014-08-01,PCE_MOM,0.039,-1.998,MISS,GOLDILOCKS,HIGH,-1.0,-8.0,-10.0,-1.0,-6.0,0.0,-2.0,
2014-09-01,PCE_MOM,0.133,-0.156,INLINE,GOLDILOCKS,HIGH,7.0,13.0,17.0,2.0,7.0,5.0,6.0,
2014-10-01,PCE_MOM,0.086,-0.783,MISS,GOLDILOCKS,HIGH,2.0,-7.0,-7.0,2.0,0.0,0.0,-7.0,
2014-11-01,PCE_MOM,0.088,-0.488,INLINE,GOLDILOCKS,HIGH,1.0,-3.0,-6.0,-1.0,-4.0,2.0,1.0,
2014-12-01,PCE_MOM,0.071,-0.844,MISS,GOLDILOCKS,HIGH,6.0,4.0,-5.0,-0.0,-11.0,6.0,15.0,
2015-01-01,PCE_MOM,-0.036,-2.141,MISS,GOLDILOCKS,HIGH,-5.0,-14.0,-49.0,-4.0,-9.0,-1.0,-5.0,
2015-02-01,PCE_MOM,0.114,0.011,INLINE,GOLDILOCKS,HIGH,0.0,27.0,44.0,-2.0,9.0,2.0,18.0,
2015-03-01,PCE_MOM,0.152,0.61,BEAT,GOLDILOCKS,MEDIUM,8.0,24.0,-4.0,5.0,14.0,3.0,10.0,
2015-04-01,PCE_MOM,0.185,1.116,BEAT,GOLDILOCKS,HIGH,5.0,5.0,18.0,5.0,6.0,0.0,-1.0,
2015-05-01,PCE_MOM,0.122,0.139,INLINE,GOLDILOCKS,MEDIUM,4.0,4.0,15.0,4.0,5.0,0.0,-1.0,
2015-06-01,PCE_MOM,0.12,0.046,INLINE,GOLDILOCKS,MEDIUM,8.0,20.0,16.0,8.0,14.0,0.0,6.0,
2015-07-01,PCE_MOM,0.099,-0.134,INLINE,GOLDILOCKS,MEDIUM,-3.0,-11.0,-23.0,2.0,-2.0,-5.0,-9.0,
2015-08-01,PCE_MOM,0.08,-0.486,INLINE,GOLDILOCKS,HIGH,-4.0,-2.0,1.0,-5.0,-8.0,1.0,6.0,
2015-09-01,PCE_MOM,0.144,0.686,BEAT,GOLDILOCKS,HIGH,3.0,4.0,-12.0,1.0,-1.0,2.0,5.0,
2015-10-01,PCE_MOM,0.033,-1.268,MISS,GOLDILOCKS,MEDIUM,-6.0,7.0,15.0,0.0,6.0,-6.0,1.0,
2015-11-01,PCE_MOM,0.107,-0.063,INLINE,DEFLATION_RISK,MEDIUM,4.0,18.0,2.0,2.0,3.0,2.0,15.0,
2015-12-01,PCE_MOM,0.066,-0.769,MISS,DEFLATION_RISK,MEDIUM,3.0,9.0,12.0,0.0,6.0,3.0,3.0,
2016-01-01,PCE_MOM,0.176,1.325,BEAT,GOLDILOCKS,MEDIUM,-3.0,-14.0,-40.0,1.0,-2.0,-4.0,-12.0,
2016-02-01,PCE_MOM,0.173,1.11,BEAT,GOLDILOCKS,MEDIUM,-10.0,-22.0,-13.0,-4.0,-7.0,-6.0,-15.0,
2016-03-01,PCE_MOM,0.143,0.477,INLINE,GOLDILOCKS,MEDIUM,1.0,0.0,-5.0,1.0,-3.0,0.0,3.0,
2016-04-01,PCE_MOM,0.246,2.212,BEAT,DEFLATION_RISK,MEDIUM,-1.0,-7.0,9.0,0.0,-1.0,-1.0,-6.0,
2016-05-01,PCE_MOM,0.17,0.666,BEAT,DEFLATION_RISK,MEDIUM,5.0,-4.0,1.0,2.0,-1.0,3.0,-3.0,16.13
2016-06-01,PCE_MOM,0.104,-0.365,INLINE,GOLDILOCKS,MEDIUM,-4.0,-14.0,-36.0,-2.0,-1.0,-2.0,-13.0,5.93
2016-07-01,PCE_MOM,0.145,0.028,INLINE,GOLDILOCKS,HIGH,-9.0,-3.0,9.0,-6.0,-10.0,-3.0,7.0,-14.4
2016-08-01,PCE_MOM,0.177,0.561,BEAT,GOLDILOCKS,MEDIUM,4.0,8.0,6.0,4.0,1.0,0.0,7.0,-13.81
2016-09-01,PCE_MOM,0.133,-0.204,INLINE,GOLDILOCKS,MEDIUM,3.0,10.0,6.0,1.0,9.0,2.0,1.0,9.12
2016-10-01,PCE_MOM,0.128,-0.342,INLINE,GOLDILOCKS,MEDIUM,3.0,13.0,23.0,-0.0,7.0,3.0,6.0,-7.07
2016-11-01,PCE_MOM,0.044,-1.85,MISS,GOLDILOCKS,MEDIUM,-2.0,5.0,57.0,0.0,1.0,-2.0,4.0,-13.78
2016-12-01,PCE_MOM,0.116,-0.572,MISS,GOLDILOCKS,MEDIUM,-5.0,-5.0,0.0,-2.0,-3.0,-3.0,-2.0,0.87
2017-01-01,PCE_MOM,0.267,2.047,BEAT,GOLDILOCKS,MEDIUM,0.0,-7.0,3.0,-2.0,-8.0,2.0,1.0,19.0
2017-02-01,PCE_MOM,0.177,0.544,BEAT,GOLDILOCKS,MEDIUM,0.0,-14.0,1.0,1.0,-7.0,-1.0,-7.0,1.3
2017-03-01,PCE_MOM,-0.042,-2.187,MISS,GOLDILOCKS,MEDIUM,3.0,11.0,-4.0,0.0,4.0,3.0,7.0,-14.04
2017-04-01,PCE_MOM,0.205,0.837,BEAT,GOLDILOCKS,MEDIUM,-5.0,-2.0,-11.0,-2.0,-4.0,-3.0,2.0,-3.88
2017-05-01,PCE_MOM,0.08,-0.634,MISS,GOLDILOCKS,MEDIUM,-4.0,6.0,-12.0,-3.0,1.0,-1.0,5.0,2.84
2017-06-01,PCE_MOM,0.134,0.01,INLINE,GOLDILOCKS,MEDIUM,-6.0,-2.0,10.0,-6.0,-7.0,0.0,5.0,9.01
2017-07-01,PCE_MOM,0.073,-0.714,MISS,GOLDILOCKS,HIGH,4.0,7.0,-5.0,1.0,5.0,3.0,2.0,5.6
2017-08-01,PCE_MOM,0.108,-0.182,INLINE,GOLDILOCKS,MEDIUM,1.0,3.0,-11.0,-1.0,1.0,2.0,2.0,1.22
2017-09-01,PCE_MOM,0.122,0.036,INLINE,GOLDILOCKS,MEDIUM,-9.0,-2.0,17.0,-4.0,1.0,-5.0,-3.0,-18.7
2017-10-01,PCE_MOM,0.245,1.452,BEAT,GOLDILOCKS,HIGH,1.0,4.0,5.0,-1.0,-3.0,2.0,7.0,9.76
2017-11-01,PCE_MOM,0.049,-0.81,MISS,GOLDILOCKS,HIGH,-2.0,-5.0,0.0,-2.0,-9.0,0.0,4.0,0.49
2017-12-01,PCE_MOM,0.147,0.221,INLINE,GOLDILOCKS,HIGH,0.0,1.0,7.0,-2.0,-1.0,2.0,2.0,-2.78
2018-01-01,PCE_MOM,0.322,2.027,BEAT,GOLDILOCKS,MEDIUM,6.0,9.0,32.0,3.0,2.0,3.0,7.0,22.2
2018-02-01,PCE_MOM,0.189,0.635,BEAT,GOLDILOCKS,MEDIUM,6.0,7.0,10.0,7.0,10.0,-1.0,-3.0,-59.85
2018-03-01,PCE_MOM,0.218,0.967,BEAT,GOLDILOCKS,MEDIUM,5.0,5.0,-8.0,2.0,2.0,3.0,3.0,13.58
2018-04-01,PCE_MOM,0.18,0.501,BEAT,GOLDILOCKS,MEDIUM,-1.0,3.0,21.0,1.0,3.0,-2.0,0.0,-58.99
2018-05-01,PCE_MOM,0.175,0.185,INLINE,GOLDILOCKS,MEDIUM,0.0,0.0,-14.0,1.0,-1.0,-1.0,1.0,-19.13
2018-06-01,PCE_MOM,0.09,-0.904,MISS,GOLDILOCKS,MEDIUM,5.0,4.0,-2.0,0.0,1.0,5.0,3.0,12.25
2018-07-01,PCE_MOM,0.132,-0.4,INLINE,GOLDILOCKS,MEDIUM,2.0,1.0,11.0,-3.0,-4.0,5.0,5.0,8.34
2018-08-01,PCE_MOM,0.01,-1.77,MISS,GOLDILOCKS,MEDIUM,-2.0,-4.0,-14.0,-1.0,-5.0,-1.0,1.0,13.86
2018-09-01,PCE_MOM,0.185,0.087,INLINE,GOLDILOCKS,MEDIUM,4.0,8.0,19.0,0.0,-3.0,4.0,11.0,-4.8
2018-10-01,PCE_MOM,0.158,-0.109,INLINE,GOLDILOCKS,LOW,-4.0,12.0,6.0,-4.0,6.0,0.0,6.0,-1.16
2018-11-01,PCE_MOM,0.186,0.105,INLINE,DEFLATION_RISK,LOW,8.0,10.0,-23.0,1.0,-4.0,7.0,14.0,-17.31
2018-12-01,PCE_MOM,0.175,-0.044,INLINE,DEFLATION_RISK,LOW,-3.0,-16.0,-45.0,-6.0,-8.0,3.0,-8.0,30.2
2019-01-01,PCE_MOM,0.131,-0.773,MISS,GOLDILOCKS,MEDIUM,-3.0,4.0,-6.0,-5.0,-6.0,2.0,10.0,3.18
2019-02-01,PCE_MOM,0.09,-1.314,MISS,DEFLATION_RISK,LOW,3.0,-7.0,2.0,2.0,-0.0,1.0,-7.0,18.34
2019-03-01,PCE_MOM,0.092,-0.964,MISS,GOLDILOCKS,MEDIUM,-4.0,-14.0,-27.0,-4.0,-4.0,0.0,-10.0,-10.88
2019-04-01,PCE_MOM,0.201,1.004,BEAT,GOLDILOCKS,MEDIUM,-1.0,3.0,3.0,2.0,0.0,-3.0,3.0,0.05
2019-05-01,PCE_MOM,0.103,-0.521,MISS,GOLDILOCKS,MEDIUM,3.0,-3.0,-38.0,-1.0,-2.0,4.0,-1.0,-6.21
2019-06-01,PCE_MOM,0.183,0.686,BEAT,GOLDILOCKS,MEDIUM,-7.0,-5.0,-11.0,6.0,5.0,-13.0,-10.0,-7.61
2019-07-01,PCE_MOM,0.114,-0.543,MISS,GOLDILOCKS,MEDIUM,-5.0,4.0,-1.0,-4.0,-10.0,-1.0,14.0,8.68
2019-08-01,PCE_MOM,0.115,-0.725,MISS,GOLDILOCKS,MEDIUM,-4.0,-18.0,-40.0,-3.0,-7.0,-1.0,-11.0,-21.51
2019-09-01,PCE_MOM,0.073,-1.147,MISS,GOLDILOCKS,MEDIUM,-3.0,13.0,15.0,0.0,5.0,-3.0,8.0,-20.19
2019-10-01,PCE_MOM,0.149,0.605,BEAT,GOLDILOCKS,MEDIUM,-5.0,-11.0,4.0,3.0,3.0,-8.0,-14.0,-52.64
2019-11-01,PCE_MOM,0.062,-1.185,MISS,GOLDILOCKS,MEDIUM,6.0,21.0,4.0,2.0,9.0,4.0,12.0,11.36
2019-12-01,PCE_MOM,0.221,2.093,BEAT,GOLDILOCKS,MEDIUM,5.0,6.0,14.0,5.0,6.0,0.0,0.0,-27.11
2020-01-01,PCE_MOM,0.177,1.19,BEAT,DEFLATION_RISK,MEDIUM,-4.0,-5.0,-41.0,-4.0,-5.0,0.0,0.0,27.07
2020-02-01,PCE_MOM,0.195,1.168,BEAT,DEFLATION_RISK,MEDIUM,3.0,8.0,-49.0,0.0,0.0,3.0,8.0,23.4
2020-03-01,PCE_MOM,-0.075,-2.527,MISS,DEFLATION_RISK,HIGH,-3.0,-39.0,-43.0,-1.0,-2.0,-2.0,-37.0,136.01
2020-04-01,PCE_MOM,-0.324,-2.916,MISS,DEFLATION_RISK,HIGH,1.0,15.0,2.0,1.0,11.0,0.0,4.0,56.4
2020-05-01,PCE_MOM,0.105,-0.066,INLINE,DEFLATION_RISK,HIGH,0.0,5.0,4.0,1.0,9.0,-1.0,-4.0,12.03
2020-06-01,PCE_MOM,0.156,0.28,INLINE,DEFLATION_RISK,HIGH,2.0,22.0,0.0,-1.0,14.0,3.0,8.0,25.09
2020-07-01,PCE_MOM,0.356,1.325,BEAT,GOLDILOCKS,HIGH,-1.0,-7.0,-14.0,0.0,-6.0,-1.0,-1.0,14.15
2020-08-01,PCE_MOM,0.292,0.782,BEAT,GOLDILOCKS,HIGH,1.0,2.0,17.0,1.0,-0.0,0.0,2.0,23.49
2020-09-01,PCE_MOM,0.159,0.007,INLINE,GOLDILOCKS,HIGH,-2.0,3.0,0.0,-3.0,2.0,1.0,1.0,54.19
2020-10-01,PCE_MOM,0.092,-0.368,INLINE,GOLDILOCKS,HIGH,2.0,10.0,19.0,3.0,11.0,-1.0,-1.0,-32.36
2020-11-01,PCE_MOM,0.093,-0.365,INLINE,GOLDILOCKS,HIGH,-1.0,-5.0,7.0,-3.0,-7.0,2.0,2.0,40.28
2020-12-01,PCE_MOM,0.276,0.655,BEAT,GOLDILOCKS,MEDIUM,3.0,0.0,1.0,4.0,3.0,-1.0,-3.0,6.56
2021-01-01,PCE_MOM,0.364,1.069,BEAT,GOLDILOCKS,HIGH,0.0,20.0,19.0,2.0,19.0,-2.0,1.0,-55.42
2021-02-01,PCE_MOM,0.207,0.257,INLINE,GOLDILOCKS,HIGH,3.0,10.0,38.0,3.0,10.0,0.0,0.0,52.45
2021-03-01,PCE_MOM,0.406,1.149,BEAT,GOLDILOCKS,HIGH,-3.0,14.0,28.0,-3.0,10.0,0.0,4.0,-31.53
2021-04-01,PCE_MOM,0.584,2.269,BEAT,REFLATION,MEDIUM,3.0,-5.0,-4.0,1.0,-2.0,2.0,-3.0,58.04
2021-05-01,PCE_MOM,0.503,1.386,BEAT,REFLATION,HIGH,-2.0,-5.0,-3.0,-2.0,-3.0,0.0,-2.0,11.49
2021-06-01,PCE_MOM,0.466,0.893,BEAT,REFLATION,HIGH,-3.0,-9.0,-17.0,-0.0,-7.0,-3.0,-2.0,6.08
2021-07-01,PCE_MOM,0.419,0.564,BEAT,REFLATION,HIGH,-4.0,-11.0,-28.0,-3.0,-9.0,-1.0,-2.0,32.4
2021-08-01,PCE_MOM,0.322,-0.129,INLINE,REFLATION,HIGH,-4.0,7.0,5.0,-2.0,5.0,-2.0,2.0,-8.1
2021-09-01,PCE_MOM,0.212,-0.83,MISS,REFLATION,HIGH,-2.0,-1.0,17.0,-2.0,-4.0,0.0,3.0,12.86
2021-10-01,PCE_MOM,0.499,0.787,BEAT,REFLATION,HIGH,1.0,13.0,8.0,1.0,8.0,0.0,5.0,-56.58
2021-11-01,PCE_MOM,0.528,0.929,BEAT,REFLATION,HIGH,-2.0,-7.0,-14.0,2.0,-2.0,-4.0,-5.0,16.98
2021-12-01,PCE_MOM,0.585,1.105,BEAT,REFLATION,HIGH,1.0,9.0,9.0,-6.0,-3.0,7.0,12.0,64.06
2022-01-01,PCE_MOM,0.501,0.141,INLINE,REFLATION,HIGH,11.0,24.0,29.0,6.0,10.0,5.0,14.0,30.38
2022-02-01,PCE_MOM,0.439,-0.403,INLINE,REFLATION,MEDIUM,-3.0,15.0,5.0,-1.0,-2.0,-2.0,17.0,42.84
2022-03-01,PCE_MOM,0.397,-0.8,MISS,REFLATION,HIGH,14.0,14.0,63.0,-5.0,-18.0,19.0,32.0,80.28
2022-04-01,PCE_MOM,0.348,-1.016,MISS,REFLATION,HIGH,3.0,33.0,58.0,4.0,24.0,-1.0,9.0,36.78
2022-05-01,PCE_MOM,0.349,-0.77,MISS,REFLATION,HIGH,10.0,23.0,-4.0,7.0,21.0,3.0,2.0,23.45
2022-06-01,PCE_MOM,0.592,1.426,BEAT,REFLATION,HIGH,-2.0,9.0,-6.0,-1.0,-3.0,-1.0,12.0,75.59
2022-07-01,PCE_MOM,0.22,-1.525,MISS,REFLATION,HIGH,-6.0,11.0,-13.0,-4.0,-12.0,-2.0,23.0,6.06
2022-08-01,PCE_MOM,0.565,0.725,BEAT,REFLATION,HIGH,15.0,17.0,51.0,-1.0,-14.0,16.0,31.0,-27.44
2022-09-01,PCE_MOM,0.444,-0.244,INLINE,REFLATION,HIGH,-6.0,7.0,41.0,5.0,2.0,-11.0,5.0,-42.59
2022-10-01,PCE_MOM,0.359,-0.72,MISS,REFLATION,HIGH,-16.0,6.0,24.0,-6.0,-2.0,-10.0,8.0,92.81
2022-11-01,PCE_MOM,0.288,-1.086,MISS,REFLATION,HIGH,3.0,7.0,-56.0,-4.0,-6.0,7.0,13.0,-96.41
2022-12-01,PCE_MOM,0.354,-0.215,INLINE,REFLATION,MEDIUM,-2.0,-5.0,26.0,-5.0,-11.0,3.0,6.0,-4.87
2023-01-01,PCE_MOM,0.473,0.885,BEAT,REFLATION,HIGH,-9.0,-35.0,-49.0,-8.0,-13.0,-1.0,-22.0,-15.36
2023-02-01,PCE_MOM,0.361,0.007,INLINE,REFLATION,HIGH,1.0,24.0,58.0,1.0,-12.0,0.0,36.0,60.55
2023-03-01,PCE_MOM,0.327,-0.271,INLINE,REFLATION,HIGH,7.0,-3.0,-46.0,7.0,-19.0,0.0,16.0,29.96
2023-04-01,PCE_MOM,0.354,-0.025,INLINE,REFLATION,HIGH,-5.0,-9.0,11.0,4.0,-0.0,-9.0,-9.0,15.2
2023-05-01,PCE_MOM,0.294,-0.562,MISS,REFLATION,HIGH,-15.0,-7.0,5.0,2.0,7.0,-17.0,-14.0,-48.29
2023-06-01,PCE_MOM,0.258,-0.999,MISS,REFLATION,MEDIUM,8.0,12.0,25.0,-9.0,-7.0,17.0,19.0,61.35
2023-07-01,PCE_MOM,0.139,-1.972,MISS,REFLATION,HIGH,5.0,20.0,24.0,-2.0,22.0,7.0,-2.0,5.21
2023-08-01,PCE_MOM,0.111,-2.146,MISS,REFLATION,HIGH,3.0,-3.0,7.0,7.0,15.0,-4.0,-18.0,-63.34
2023-09-01,PCE_MOM,0.308,-0.096,INLINE,REFLATION,MEDIUM,9.0,11.0,63.0,2.0,1.0,7.0,10.0,-18.94
2023-10-01,PCE_MOM,0.152,-1.407,MISS,REFLATION,MEDIUM,10.0,19.0,29.0,1.0,14.0,9.0,5.0,0.34
2023-11-01,PCE_MOM,0.111,-1.628,MISS,REFLATION,MEDIUM,-10.0,-28.0,-55.0,-13.0,-26.0,3.0,-2.0,79.92
2023-12-01,PCE_MOM,0.181,-0.814,MISS,REFLATION,MEDIUM,6.0,1.0,-31.0,-2.0,-14.0,8.0,15.0,-24.85
2024-01-01,PCE_MOM,0.518,1.946,BEAT,REFLATION,LOW,7.0,13.0,11.0,-3.0,0.0,10.0,13.0,-27.0
2024-02-01,PCE_MOM,0.264,0.026,INLINE,STAGFLATION_RISK,LOW,16.0,28.0,35.0,0.0,2.0,16.0,26.0,52.42
2024-03-01,PCE_MOM,0.388,1.018,BEAT,STAGFLATION_RISK,LOW,3.0,-10.0,17.0,-4.0,-4.0,7.0,-6.0,-6.13
2024-04-01,PCE_MOM,0.242,-0.066,INLINE,REFLATION,LOW,3.0,9.0,36.0,5.0,3.0,-2.0,6.0,-37.96
2024-05-01,PCE_MOM,0.065,-1.121,MISS,REFLATION,LOW,-5.0,-15.0,-12.0,4.0,-3.0,-9.0,-12.0,45.81
2024-06-01,PCE_MOM,0.24,0.226,INLINE,REFLATION,LOW,-10.0,-8.0,-8.0,-3.0,-6.0,-7.0,-2.0,5.89
2024-07-01,PCE_MOM,0.191,-0.193,INLINE,STAGFLATION_RISK,LOW,-5.0,-18.0,-39.0,-2.0,-3.0,-3.0,-15.0,33.92
2024-08-01,PCE_MOM,0.177,-0.314,INLINE,STAGFLATION_RISK,LOW,-19.0,0.0,-8.0,9.0,12.0,-28.0,-12.0,-100.12
2024-09-01,PCE_MOM,0.275,0.481,INLINE,REFLATION,LOW,-7.0,-21.0,-17.0,-4.0,2.0,-3.0,-23.0,-119.47
2024-10-01,PCE_MOM,0.296,0.458,INLINE,STAGFLATION_RISK,LOW,5.0,30.0,54.0,3.0,-7.0,2.0,37.0,0.79
2024-11-01,PCE_MOM,0.105,-1.117,MISS,REFLATION,LOW,-6.0,-7.0,-18.0,-2.0,-12.0,-4.0,5.0,-16.11
2024-12-01,PCE_MOM,0.189,-0.43,INLINE,REFLATION,LOW,1.0,-3.0,40.0,-3.0,0.0,4.0,-3.0,14.77
2025-01-01,PCE_MOM,0.315,0.82,BEAT,STAGFLATION_RISK,LOW,-1.0,9.0,0.0,-1.0,6.0,0.0,3.0,-13.08
2025-02-01,PCE_MOM,0.448,1.881,BEAT,STAGFLATION_RISK,LOW,-4.0,-9.0,-36.0,-8.0,-16.0,4.0,7.0,-45.96
2025-03-01,PCE_MOM,0.097,-1.099,MISS,STAGFLATION_RISK,LOW,-8.0,8.0,-1.0,-5.0,8.0,-3.0,0.0,-104.78
2025-04-01,PCE_MOM,0.188,-0.02,INLINE,REFLATION,LOW,3.0,9.0,8.0,-1.0,25.0,4.0,-16.0,37.9
2025-05-01,PCE_MOM,0.229,0.201,INLINE,REFLATION,LOW,8.0,12.0,21.0,-5.0,-8.0,13.0,20.0,82.53
2025-06-01,PCE_MOM,0.263,0.547,BEAT,REFLATION,LOW,5.0,10.0,-15.0,0.0,-5.0,5.0,15.0,24.25
2025-07-01,PCE_MOM,0.245,0.081,INLINE,REFLATION,LOW,4.0,8.0,11.0,4.0,0.0,0.0,8.0,29.41
2025-08-01,PCE_MOM,0.225,-0.134,INLINE,REFLATION,LOW,-1.0,4.0,5.0,-1.0,-3.0,0.0,7.0,91.93
2025-09-01,PCE_MOM,0.189,-0.397,INLINE,REFLATION,LOW,5.0,-18.0,-7.0,-2.0,-8.0,7.0,-10.0,-44.72
2025-10-01,PCE_MOM,0.228,0.016,INLINE,STAGFLATION_RISK,MEDIUM,-2.0,1.0,-1.0,-2.0,-2.0,0.0,3.0,4.15
2025-11-01,PCE_MOM,0.178,-0.564,MISS,STAGFLATION_RISK,LOW,2.0,0.0,-5.0,2.0,5.0,0.0,-5.0,11.77
2025-12-01,PCE_MOM,0.327,1.11,BEAT,STAGFLATION_RISK,LOW,0.0,8.0,9.0,3.0,5.0,-3.0,3.0,16.74
2026-01-01,PCE_MOM,0.393,1.693,BEAT,REFLATION,LOW,1.0,1.0,11.0,1.0,-1.0,0.0,2.0,12.97
2026-02-01,PCE_MOM,0.367,1.649,BEAT,STAGFLATION_RISK,LOW,3.0,-4.0,-20.0,-2.0,-2.0,5.0,-2.0,37.41
2005-01-01,NFP,151.0,0.119,INLINE,GOLDILOCKS,MEDIUM,-1.0,5.0,-9.0,-3.0,-7.0,2.0,12.0,
2005-02-01,NFP,253.0,1.0,BEAT,GOLDILOCKS,MEDIUM,0.0,-10.0,24.0,-3.0,-14.0,3.0,4.0,
2005-03-01,NFP,120.0,-0.196,INLINE,GOLDILOCKS,MEDIUM,0.0,0.0,12.0,2.0,-3.0,-2.0,3.0,
2005-04-01,NFP,366.0,2.125,BEAT,GOLDILOCKS,LOW,1.0,4.0,-25.0,2.0,2.0,-1.0,2.0,
2005-05-01,NFP,169.0,0.301,INLINE,GOLDILOCKS,LOW,0.0,7.0,-21.0,2.0,0.0,-2.0,7.0,
2005-06-01,NFP,259.0,1.063,BEAT,GOLDILOCKS,MEDIUM,-2.0,4.0,3.0,-4.0,-6.0,2.0,10.0,
2005-07-01,NFP,352.0,1.815,BEAT,GOLDILOCKS,MEDIUM,5.0,5.0,28.0,2.0,0.0,3.0,5.0,
2005-08-01,NFP,202.0,0.167,INLINE,GOLDILOCKS,MEDIUM,2.0,10.0,-16.0,0.0,-2.0,2.0,12.0,
2005-09-01,NFP,50.0,-1.248,MISS,GOLDILOCKS,LOW,1.0,12.0,37.0,-2.0,-4.0,3.0,16.0,
2005-10-01,NFP,89.0,-0.68,MISS,GOLDILOCKS,LOW,5.0,1.0,24.0,2.0,1.0,3.0,0.0,
2005-11-01,NFP,356.0,1.566,BEAT,GOLDILOCKS,LOW,3.0,-1.0,-6.0,2.0,-2.0,1.0,1.0,
2005-12-01,NFP,162.0,-0.22,INLINE,GOLDILOCKS,MEDIUM,0.0,-5.0,-15.0,2.0,3.0,-2.0,-8.0,
2006-01-01,NFP,268.0,0.381,INLINE,GOLDILOCKS,HIGH,-2.0,-1.0,18.0,5.0,4.0,-7.0,-5.0,
2006-02-01,NFP,306.0,0.693,BEAT,GOLDILOCKS,MEDIUM,0.0,-1.0,11.0,0.0,-6.0,0.0,5.0,
2006-03-01,NFP,305.0,0.392,INLINE,GOLDILOCKS,MEDIUM,5.0,14.0,27.0,4.0,13.0,1.0,1.0,
2006-04-01,NFP,172.0,-0.588,MISS,GOLDILOCKS,LOW,2.0,11.0,26.0,-2.0,4.0,4.0,7.0,
2006-05-01,NFP,39.0,-1.706,MISS,REFLATION,LOW,-2.0,-2.0,-2.0,0.0,-5.0,-2.0,3.0,
2006-06-01,NFP,88.0,-0.848,MISS,REFLATION,LOW,-11.0,-11.0,4.0,1.0,-8.0,-12.0,-3.0,
2006-07-01,NFP,192.0,0.094,INLINE,REFLATION,LOW,0.0,-2.0,-16.0,-1.0,-3.0,1.0,1.0,
2006-08-01,NFP,163.0,-0.042,INLINE,STAGFLATION_RISK,LOW,-3.0,-6.0,-23.0,-3.0,-0.0,0.0,-6.0,
2006-09-01,NFP,134.0,-0.337,INLINE,REFLATION,LOW,5.0,7.0,-11.0,2.0,1.0,3.0,6.0,
2006-10-01,NFP,17.0,-1.396,MISS,REFLATION,LOW,-2.0,6.0,-3.0,3.0,3.0,-5.0,3.0,
2006-11-01,NFP,217.0,0.525,BEAT,GOLDILOCKS,LOW,3.0,7.0,-14.0,2.0,-2.0,1.0,9.0,
2006-12-01,NFP,189.0,0.09,INLINE,GOLDILOCKS,LOW,0.0,13.0,24.0,0.0,-3.0,0.0,16.0,
2007-01-01,NFP,223.0,0.467,INLINE,GOLDILOCKS,LOW,-3.0,-5.0,12.0,-1.0,-1.0,-2.0,-4.0,
2007-02-01,NFP,88.0,-0.958,MISS,REFLATION,LOW,-1.0,-11.0,-33.0,1.0,-2.0,-2.0,-9.0,
2007-03-01,NFP,224.0,0.785,BEAT,GOLDILOCKS,LOW,-4.0,-5.0,9.0,3.0,2.0,-7.0,-7.0,
2007-04-01,NFP,63.0,-1.138,MISS,GOLDILOCKS,LOW,0.0,11.0,-2.0,-2.0,-6.0,2.0,17.0,
2007-05-01,NFP,145.0,-0.131,INLINE,GOLDILOCKS,LOW,1.0,-1.0,26.0,-1.0,-6.0,2.0,5.0,
2007-06-01,NFP,78.0,-1.096,MISS,GOLDILOCKS,LOW,-2.0,17.0,5.0,-2.0,13.0,0.0,4.0,
2007-07-01,NFP,-26.0,-1.994,MISS,DEFLATION_RISK,LOW,-3.0,13.0,-25.0,-2.0,3.0,-1.0,10.0,
2007-08-01,NFP,-31.0,-1.52,MISS,DEFLATION_RISK,LOW,1.0,8.0,-25.0,-2.0,0.0,3.0,8.0,
2007-09-01,NFP,86.0,-0.011,INLINE,GOLDILOCKS,LOW,2.0,-20.0,0.0,4.0,8.0,-2.0,-28.0,
2007-10-01,NFP,76.0,-0.123,INLINE,GOLDILOCKS,LOW,-2.0,11.0,-8.0,2.0,-2.0,-4.0,13.0,
2007-11-01,NFP,115.0,0.336,INLINE,GOLDILOCKS,LOW,-5.0,-8.0,-47.0,6.0,22.0,-11.0,-30.0,
2007-12-01,NFP,105.0,0.228,INLINE,DEFLATION_RISK,LOW,-8.0,15.0,-6.0,6.0,7.0,-14.0,8.0,
2008-01-01,NFP,-4.0,-1.187,MISS,DEFLATION_RISK,MEDIUM,-13.0,-18.0,-37.0,4.0,11.0,-17.0,-29.0,
2008-02-01,NFP,-62.0,-1.685,MISS,DEFLATION_RISK,MEDIUM,6.0,2.0,1.0,7.0,18.0,-1.0,-16.0,
2008-03-01,NFP,-70.0,-1.887,MISS,DEFLATION_RISK,MEDIUM,1.0,3.0,4.0,5.0,15.0,-4.0,-12.0,
2008-04-01,NFP,-219.0,-2.444,MISS,DEFLATION_RISK,MEDIUM,3.0,1.0,20.0,-5.0,-6.0,8.0,7.0,
2008-05-01,NFP,-189.0,-1.565,MISS,DEFLATION_RISK,MEDIUM,11.0,1.0,20.0,1.0,13.0,10.0,-12.0,
2008-06-01,NFP,-151.0,-1.075,MISS,DEFLATION_RISK,MEDIUM,-8.0,-12.0,-7.0,7.0,14.0,-15.0,-26.0,
2008-07-01,NFP,-203.0,-1.259,MISS,DEFLATION_RISK,HIGH,-2.0,-16.0,-2.0,1.0,6.0,-3.0,-22.0,
2008-08-01,NFP,-286.0,-1.548,MISS,DEFLATION_RISK,HIGH,1.0,-3.0,-23.0,-1.0,-3.0,2.0,0.0,
2008-09-01,NFP,-451.0,-1.989,MISS,DEFLATION_RISK,HIGH,-9.0,-17.0,2.0,1.0,-11.0,-10.0,-6.0,
2008-10-01,NFP,-469.0,-1.588,MISS,DEFLATION_RISK,HIGH,-11.0,-5.0,24.0,9.0,12.0,-20.0,-17.0,
2008-11-01,NFP,-750.0,-2.362,MISS,DEFLATION_RISK,HIGH,-5.0,-18.0,-134.0,6.0,5.0,-11.0,-23.0,
2008-12-01,NFP,-694.0,-1.977,MISS,DEFLATION_RISK,HIGH,-4.0,5.0,-47.0,-4.0,-2.0,0.0,7.0,
2009-01-01,NFP,-768.0,-1.979,MISS,DEFLATION_RISK,HIGH,21.0,22.0,51.0,9.0,15.0,12.0,7.0,
2009-02-01,NFP,-761.0,-1.476,MISS,DEFLATION_RISK,HIGH,-11.0,18.0,6.0,-6.0,13.0,-5.0,5.0,
2009-03-01,NFP,-824.0,-1.371,MISS,DEFLATION_RISK,HIGH,-11.0,-19.0,-29.0,0.0,-10.0,-11.0,-9.0,
2009-04-01,NFP,-672.0,-0.395,INLINE,DEFLATION_RISK,HIGH,9.0,18.0,53.0,4.0,8.0,5.0,10.0,
2009-05-01,NFP,-356.0,0.888,BEAT,DEFLATION_RISK,HIGH,-2.0,8.0,44.0,-4.0,0.0,2.0,8.0,
2009-06-01,NFP,-458.0,0.531,BEAT,DEFLATION_RISK,HIGH,-6.0,20.0,-18.0,-5.0,-25.0,-1.0,45.0,
2009-07-01,NFP,-346.0,1.16,BEAT,DEFLATION_RISK,HIGH,-4.0,-11.0,-3.0,3.0,0.0,-7.0,-11.0,
2009-08-01,NFP,-190.0,1.831,BEAT,DEFLATION_RISK,HIGH,14.0,37.0,-12.0,9.0,18.0,5.0,19.0,
2009-09-01,NFP,-226.0,1.512,BEAT,DEFLATION_RISK,HIGH,-9.0,10.0,-17.0,-6.0,9.0,-3.0,1.0,
2009-10-01,NFP,-185.0,1.521,BEAT,DEFLATION_RISK,MEDIUM,3.0,6.0,24.0,2.0,3.0,1.0,3.0,
2009-11-01,NFP,-4.0,1.448,BEAT,GOLDILOCKS,MEDIUM,4.0,13.0,-9.0,2.0,17.0,2.0,-4.0,
2009-12-01,NFP,-249.0,0.373,INLINE,DEFLATION_RISK,MEDIUM,4.0,12.0,57.0,-1.0,6.0,5.0,6.0,
2010-01-01,NFP,-6.0,1.064,BEAT,GOLDILOCKS,MEDIUM,0.0,-2.0,-18.0,5.0,16.0,-5.0,-18.0,
2010-02-01,NFP,-96.0,0.564,BEAT,DEFLATION_RISK,MEDIUM,-1.0,-6.0,-5.0,-1.0,1.0,0.0,-7.0,
2010-03-01,NFP,160.0,1.645,BEAT,GOLDILOCKS,MEDIUM,1.0,11.0,27.0,1.0,1.0,0.0,10.0,
2010-04-01,NFP,254.0,2.076,BEAT,GOLDILOCKS,HIGH,7.0,2.0,-20.0,1.0,-2.0,6.0,4.0,
2010-05-01,NFP,522.0,2.414,BEAT,GOLDILOCKS,HIGH,3.0,-24.0,-40.0,0.0,-10.0,3.0,-14.0,
2010-06-01,NFP,-132.0,-0.073,INLINE,GOLDILOCKS,HIGH,6.0,-11.0,-32.0,2.0,-7.0,4.0,-4.0,
2010-07-01,NFP,-95.0,0.002,INLINE,GOLDILOCKS,HIGH,4.0,11.0,3.0,4.0,11.0,0.0,0.0,
2010-08-01,NFP,0.0,0.227,INLINE,GOLDILOCKS,HIGH,5.0,-8.0,-40.0,4.0,-3.0,1.0,-5.0,
2010-09-01,NFP,-74.0,-0.16,INLINE,DEFLATION_RISK,MEDIUM,5.0,19.0,-4.0,5.0,12.0,0.0,7.0,
2010-10-01,NFP,279.0,1.309,BEAT,GOLDILOCKS,HIGH,-4.0,-13.0,9.0,-3.0,-6.0,-1.0,-7.0,
2010-11-01,NFP,129.0,0.607,BEAT,DEFLATION_RISK,MEDIUM,-3.0,-6.0,35.0,-3.0,-13.0,0.0,7.0,
2010-12-01,NFP,81.0,0.208,INLINE,GOLDILOCKS,HIGH,4.0,29.0,33.0,2.0,19.0,2.0,10.0,
2011-01-01,NFP,7.0,-0.19,INLINE,DEFLATION_RISK,MEDIUM,6.0,4.0,18.0,6.0,5.0,0.0,-1.0,
2011-02-01,NFP,220.0,0.609,BEAT,GOLDILOCKS,MEDIUM,4.0,27.0,10.0,-2.0,2.0,6.0,25.0,
2011-03-01,NFP,226.0,0.633,BEAT,GOLDILOCKS,MEDIUM,5.0,15.0,6.0,2.0,8.0,3.0,7.0,
2011-04-01,NFP,314.0,1.067,BEAT,GOLDILOCKS,MEDIUM,-1.0,13.0,-18.0,2.0,10.0,-3.0,3.0,
2011-05-01,NFP,106.0,0.083,INLINE,GOLDILOCKS,MEDIUM,-1.0,-13.0,-27.0,-1.0,-9.0,0.0,-4.0,
2011-06-01,NFP,228.0,0.802,BEAT,GOLDILOCKS,MEDIUM,8.0,2.0,22.0,7.0,7.0,1.0,-5.0,
2011-07-01,NFP,61.0,-0.462,INLINE,DEFLATION_RISK,MEDIUM,-6.0,-28.0,-56.0,0.0,-15.0,-6.0,-13.0,
2011-08-01,NFP,133.0,0.017,INLINE,DEFLATION_RISK,LOW,-11.0,-37.0,-58.0,-6.0,-26.0,-5.0,-11.0,
2011-09-01,NFP,219.0,0.457,INLINE,GOLDILOCKS,MEDIUM,-13.0,-22.0,-35.0,-14.0,-20.0,1.0,-2.0,
2011-10-01,NFP,209.0,0.429,INLINE,GOLDILOCKS,HIGH,-12.0,18.0,9.0,-11.0,13.0,-1.0,5.0,
2011-11-01,NFP,137.0,-0.408,INLINE,GOLDILOCKS,HIGH,2.0,9.0,4.0,2.0,7.0,0.0,2.0,
2011-12-01,NFP,198.0,-0.065,INLINE,GOLDILOCKS,HIGH,-6.0,-12.0,-14.0,-4.0,-7.0,-2.0,-5.0,
2012-01-01,NFP,358.0,1.723,BEAT,GOLDILOCKS,HIGH,8.0,9.0,-2.0,6.0,8.0,2.0,1.0,
2012-02-01,NFP,263.0,0.574,BEAT,GOLDILOCKS,MEDIUM,-1.0,14.0,12.0,-1.0,10.0,0.0,4.0,
2012-03-01,NFP,239.0,0.291,INLINE,GOLDILOCKS,MEDIUM,-4.0,0.0,20.0,-2.0,-2.0,-2.0,2.0,
2012-04-01,NFP,77.0,-1.474,MISS,GOLDILOCKS,LOW,-1.0,-16.0,-28.0,-1.0,-15.0,0.0,-1.0,
2012-05-01,NFP,107.0,-1.126,MISS,GOLDILOCKS,LOW,-2.0,-10.0,-39.0,-2.0,-10.0,0.0,0.0,
2012-06-01,NFP,81.0,-0.966,MISS,GOLDILOCKS,LOW,6.0,18.0,14.0,6.0,15.0,0.0,3.0,
2012-07-01,NFP,144.0,-0.325,INLINE,DEFLATION_RISK,MEDIUM,-6.0,-14.0,-16.0,-3.0,-8.0,-3.0,-6.0,
2012-08-01,NFP,182.0,-0.098,INLINE,DEFLATION_RISK,MEDIUM,-5.0,12.0,7.0,-5.0,7.0,0.0,5.0,
2012-09-01,NFP,178.0,-0.025,INLINE,GOLDILOCKS,MEDIUM,2.0,11.0,7.0,1.0,8.0,1.0,3.0,
2012-10-01,NFP,152.0,-0.161,INLINE,GOLDILOCKS,MEDIUM,0.0,10.0,11.0,2.0,10.0,-2.0,0.0,
2012-11-01,NFP,156.0,-0.137,INLINE,GOLDILOCKS,MEDIUM,0.0,-13.0,-13.0,2.0,-10.0,-2.0,-3.0,
2012-12-01,NFP,249.0,0.992,BEAT,DEFLATION_RISK,LOW,1.0,2.0,24.0,1.0,2.0,0.0,0.0,
2013-01-01,NFP,183.0,0.26,INLINE,GOLDILOCKS,MEDIUM,8.0,11.0,24.0,6.0,11.0,2.0,0.0,
2013-02-01,NFP,289.0,1.861,BEAT,GOLDILOCKS,MEDIUM,-4.0,-5.0,-14.0,-2.0,-3.0,-2.0,-2.0,
2013-03-01,NFP,143.0,-0.177,INLINE,GOLDILOCKS,MEDIUM,2.0,20.0,2.0,3.0,18.0,-1.0,2.0,
2013-04-01,NFP,184.0,0.302,INLINE,GOLDILOCKS,MEDIUM,2.0,-10.0,-16.0,-0.0,-11.0,2.0,1.0,
2013-05-01,NFP,223.0,0.793,BEAT,GOLDILOCKS,MEDIUM,0.0,15.0,50.0,0.0,13.0,0.0,2.0,
2013-06-01,NFP,183.0,0.011,INLINE,GOLDILOCKS,MEDIUM,-3.0,1.0,34.0,-3.0,-1.0,0.0,2.0,
2013-07-01,NFP,112.0,-1.466,MISS,GOLDILOCKS,MEDIUM,-2.0,15.0,10.0,-2.0,12.0,0.0,3.0,
2013-08-01,NFP,255.0,1.385,BEAT,GOLDILOCKS,MEDIUM,-11.0,-16.0,4.0,-6.0,-11.0,-5.0,-5.0,
2013-09-01,NFP,175.0,-0.154,INLINE,GOLDILOCKS,HIGH,8.0,12.0,-12.0,4.0,6.0,4.0,6.0,
2013-10-01,NFP,220.0,0.716,BEAT,GOLDILOCKS,HIGH,-3.0,0.0,-9.0,-1.0,-7.0,-2.0,7.0,
2013-11-01,NFP,276.0,1.376,BEAT,GOLDILOCKS,HIGH,-2.0,12.0,19.0,-1.0,13.0,-1.0,-1.0,
2013-12-01,NFP,55.0,-1.901,MISS,GOLDILOCKS,HIGH,6.0,13.0,29.0,4.0,11.0,2.0,2.0,
2014-01-01,NFP,189.0,0.037,INLINE,GOLDILOCKS,MEDIUM,-4.0,-3.0,-37.0,-5.0,-8.0,1.0,5.0,
2014-02-01,NFP,151.0,-0.533,MISS,DEFLATION_RISK,MEDIUM,-6.0,4.0,3.0,-2.0,8.0,-4.0,-4.0,
2014-03-01,NFP,273.0,1.329,BEAT,DEFLATION_RISK,MEDIUM,-6.0,14.0,7.0,-5.0,9.0,-1.0,5.0,
2014-04-01,NFP,313.0,1.469,BEAT,GOLDILOCKS,HIGH,5.0,-8.0,-14.0,2.0,-4.0,3.0,-4.0,
2014-05-01,NFP,215.0,0.176,INLINE,GOLDILOCKS,HIGH,-3.0,-2.0,-9.0,-4.0,-1.0,1.0,-1.0,
2014-06-01,NFP,336.0,1.43,BEAT,GOLDILOCKS,HIGH,6.0,12.0,5.0,4.0,8.0,2.0,4.0,
2014-07-01,NFP,223.0,0.02,INLINE,GOLDILOCKS,HIGH,6.0,-1.0,0.0,4.0,-5.0,2.0,4.0,
2014-08-01,NFP,197.0,-0.27,INLINE,GOLDILOCKS,HIGH,-1.0,-8.0,-10.0,-1.0,-6.0,0.0,-2.0,
2014-09-01,NFP,294.0,0.935,BEAT,GOLDILOCKS,HIGH,7.0,13.0,17.0,2.0,7.0,5.0,6.0,
2014-10-01,NFP,235.0,0.077,INLINE,GOLDILOCKS,HIGH,2.0,-7.0,-7.0,2.0,0.0,0.0,-7.0,
2014-11-01,NFP,291.0,0.79,BEAT,GOLDILOCKS,HIGH,1.0,-3.0,-6.0,-1.0,-4.0,2.0,1.0,
2014-12-01,NFP,275.0,0.374,INLINE,GOLDILOCKS,HIGH,6.0,4.0,-5.0,-0.0,-11.0,6.0,15.0,
2015-01-01,NFP,204.0,-0.912,MISS,GOLDILOCKS,HIGH,-5.0,-14.0,-49.0,-4.0,-9.0,-1.0,-5.0,
2015-02-01,NFP,259.0,-0.156,INLINE,GOLDILOCKS,HIGH,0.0,27.0,44.0,-2.0,9.0,2.0,18.0,
2015-03-01,NFP,96.0,-2.33,MISS,GOLDILOCKS,MEDIUM,8.0,24.0,-4.0,5.0,14.0,3.0,10.0,
2015-04-01,NFP,273.0,0.42,INLINE,GOLDILOCKS,HIGH,5.0,5.0,18.0,5.0,6.0,0.0,-1.0,
2015-05-01,NFP,342.0,1.124,BEAT,GOLDILOCKS,MEDIUM,4.0,4.0,15.0,4.0,5.0,0.0,-1.0,
2015-06-01,NFP,171.0,-1.156,MISS,GOLDILOCKS,MEDIUM,8.0,20.0,16.0,8.0,14.0,0.0,6.0,
2015-07-01,NFP,282.0,0.24,INLINE,GOLDILOCKS,MEDIUM,-3.0,-11.0,-23.0,2.0,-2.0,-5.0,-9.0,
2015-08-01,NFP,134.0,-1.812,MISS,GOLDILOCKS,HIGH,-4.0,-2.0,1.0,-5.0,-8.0,1.0,6.0,
2015-09-01,NFP,150.0,-1.3,MISS,GOLDILOCKS,HIGH,3.0,4.0,-12.0,1.0,-1.0,2.0,5.0,
2015-10-01,NFP,304.0,0.487,INLINE,GOLDILOCKS,MEDIUM,-6.0,7.0,15.0,0.0,6.0,-6.0,1.0,
2015-11-01,NFP,229.0,-0.198,INLINE,DEFLATION_RISK,MEDIUM,4.0,18.0,2.0,2.0,3.0,2.0,15.0,
2015-12-01,NFP,269.0,0.332,INLINE,DEFLATION_RISK,MEDIUM,3.0,9.0,12.0,0.0,6.0,3.0,3.0,
2016-01-01,NFP,133.0,-1.389,MISS,GOLDILOCKS,MEDIUM,-3.0,-14.0,-40.0,1.0,-2.0,-4.0,-12.0,
2016-02-01,NFP,196.0,-0.208,INLINE,GOLDILOCKS,MEDIUM,-10.0,-22.0,-13.0,-4.0,-7.0,-6.0,-15.0,
2016-03-01,NFP,256.0,0.192,INLINE,GOLDILOCKS,MEDIUM,1.0,0.0,-5.0,1.0,-3.0,0.0,3.0,
2016-04-01,NFP,192.0,-0.295,INLINE,DEFLATION_RISK,MEDIUM,-1.0,-7.0,9.0,0.0,-1.0,-1.0,-6.0,
2016-05-01,NFP,46.0,-1.969,MISS,DEFLATION_RISK,MEDIUM,5.0,-4.0,1.0,2.0,-1.0,3.0,-3.0,16.13
2016-06-01,NFP,247.0,0.454,INLINE,GOLDILOCKS,MEDIUM,-4.0,-14.0,-36.0,-2.0,-1.0,-2.0,-13.0,5.93
2016-07-01,NFP,373.0,1.821,BEAT,GOLDILOCKS,HIGH,-9.0,-3.0,9.0,-6.0,-10.0,-3.0,7.0,-14.4
2016-08-01,NFP,141.0,-0.816,MISS,GOLDILOCKS,MEDIUM,4.0,8.0,6.0,4.0,1.0,0.0,7.0,-13.81
2016-09-01,NFP,306.0,0.762,BEAT,GOLDILOCKS,MEDIUM,3.0,10.0,6.0,1.0,9.0,2.0,1.0,9.12
2016-10-01,NFP,98.0,-1.241,MISS,GOLDILOCKS,MEDIUM,3.0,13.0,23.0,-0.0,7.0,3.0,6.0,-7.07
2016-11-01,NFP,118.0,-0.797,MISS,GOLDILOCKS,MEDIUM,-2.0,5.0,57.0,0.0,1.0,-2.0,4.0,-13.78
2016-12-01,NFP,225.0,0.332,INLINE,GOLDILOCKS,MEDIUM,-5.0,-5.0,0.0,-2.0,-3.0,-3.0,-2.0,0.87
2017-01-01,NFP,220.0,0.131,INLINE,GOLDILOCKS,MEDIUM,0.0,-7.0,3.0,-2.0,-8.0,2.0,1.0,19.0
2017-02-01,NFP,218.0,-0.011,INLINE,GOLDILOCKS,MEDIUM,0.0,-14.0,1.0,1.0,-7.0,-1.0,-7.0,1.3
2017-03-01,NFP,124.0,-0.875,MISS,GOLDILOCKS,MEDIUM,3.0,11.0,-4.0,0.0,4.0,3.0,7.0,-14.04
2017-04-01,NFP,205.0,-0.07,INLINE,GOLDILOCKS,MEDIUM,-5.0,-2.0,-11.0,-2.0,-4.0,-3.0,2.0,-3.88
2017-05-01,NFP,205.0,-0.081,INLINE,GOLDILOCKS,MEDIUM,-4.0,6.0,-12.0,-3.0,1.0,-1.0,5.0,2.84
2017-06-01,NFP,203.0,-0.025,INLINE,GOLDILOCKS,MEDIUM,-6.0,-2.0,10.0,-6.0,-7.0,0.0,5.0,9.01
2017-07-01,NFP,189.0,-0.258,INLINE,GOLDILOCKS,HIGH,4.0,7.0,-5.0,1.0,5.0,3.0,2.0,5.6
2017-08-01,NFP,147.0,-0.986,MISS,GOLDILOCKS,MEDIUM,1.0,3.0,-11.0,-1.0,1.0,2.0,2.0,1.22
2017-09-01,NFP,89.0,-2.09,MISS,GOLDILOCKS,MEDIUM,-9.0,-2.0,17.0,-4.0,1.0,-5.0,-3.0,-18.7
2017-10-01,NFP,141.0,-1.17,MISS,GOLDILOCKS,HIGH,1.0,4.0,5.0,-1.0,-3.0,2.0,7.0,9.76
2017-11-01,NFP,223.0,0.418,INLINE,GOLDILOCKS,HIGH,-2.0,-5.0,0.0,-2.0,-9.0,0.0,4.0,0.49
2017-12-01,NFP,151.0,-1.019,MISS,GOLDILOCKS,HIGH,0.0,1.0,7.0,-2.0,-1.0,2.0,2.0,-2.78
2018-01-01,NFP,137.0,-0.764,MISS,GOLDILOCKS,MEDIUM,6.0,9.0,32.0,3.0,2.0,3.0,7.0,22.2
2018-02-01,NFP,394.0,2.891,BEAT,GOLDILOCKS,MEDIUM,6.0,7.0,10.0,7.0,10.0,-1.0,-3.0,-59.85
2018-03-01,NFP,226.0,0.395,INLINE,GOLDILOCKS,MEDIUM,5.0,5.0,-8.0,2.0,2.0,3.0,3.0,13.58
2018-04-01,NFP,140.0,-0.389,INLINE,GOLDILOCKS,MEDIUM,-1.0,3.0,21.0,1.0,3.0,-2.0,0.0,-58.99
2018-05-01,NFP,322.0,1.757,BEAT,GOLDILOCKS,MEDIUM,0.0,0.0,-14.0,1.0,-1.0,-1.0,1.0,-19.13
2018-06-01,NFP,218.0,0.554,BEAT,GOLDILOCKS,MEDIUM,5.0,4.0,-2.0,0.0,1.0,5.0,3.0,12.25
2018-07-01,NFP,60.0,-0.932,MISS,GOLDILOCKS,MEDIUM,2.0,1.0,11.0,-3.0,-4.0,5.0,5.0,8.34
2018-08-01,NFP,257.0,0.751,BEAT,GOLDILOCKS,MEDIUM,-2.0,-4.0,-14.0,-1.0,-5.0,-1.0,1.0,13.86
2018-09-01,NFP,81.0,-1.063,MISS,GOLDILOCKS,MEDIUM,4.0,8.0,19.0,0.0,-3.0,4.0,11.0,-4.8
2018-10-01,NFP,169.0,-0.254,INLINE,GOLDILOCKS,LOW,-4.0,12.0,6.0,-4.0,6.0,0.0,6.0,-1.16
2018-11-01,NFP,90.0,-0.695,MISS,DEFLATION_RISK,LOW,8.0,10.0,-23.0,1.0,-4.0,7.0,14.0,-17.31
2018-12-01,NFP,192.0,0.115,INLINE,DEFLATION_RISK,LOW,-3.0,-16.0,-45.0,-6.0,-8.0,3.0,-8.0,30.2
2019-01-01,NFP,251.0,0.46,INLINE,GOLDILOCKS,MEDIUM,-3.0,4.0,-6.0,-5.0,-6.0,2.0,10.0,3.18
2019-02-01,NFP,7.0,-1.848,MISS,DEFLATION_RISK,LOW,3.0,-7.0,2.0,2.0,-0.0,1.0,-7.0,18.34
2019-03-01,NFP,228.0,0.505,BEAT,GOLDILOCKS,MEDIUM,-4.0,-14.0,-27.0,-4.0,-4.0,0.0,-10.0,-10.88
2019-04-01,NFP,296.0,0.907,BEAT,GOLDILOCKS,MEDIUM,-1.0,3.0,3.0,2.0,0.0,-3.0,3.0,0.05
2019-05-01,NFP,27.0,-1.554,MISS,GOLDILOCKS,MEDIUM,3.0,-3.0,-38.0,-1.0,-2.0,4.0,-1.0,-6.21
2019-06-01,NFP,220.0,0.399,INLINE,GOLDILOCKS,MEDIUM,-7.0,-5.0,-11.0,6.0,5.0,-13.0,-10.0,-7.61
2019-07-01,NFP,99.0,-0.849,MISS,GOLDILOCKS,MEDIUM,-5.0,4.0,-1.0,-4.0,-10.0,-1.0,14.0,8.68
2019-08-01,NFP,232.0,0.548,BEAT,GOLDILOCKS,MEDIUM,-4.0,-18.0,-40.0,-3.0,-7.0,-1.0,-11.0,-21.51
2019-09-01,NFP,196.0,0.022,INLINE,GOLDILOCKS,MEDIUM,-3.0,13.0,15.0,0.0,5.0,-3.0,8.0,-20.19
2019-10-01,NFP,95.0,-1.057,MISS,GOLDILOCKS,MEDIUM,-5.0,-11.0,4.0,3.0,3.0,-8.0,-14.0,-52.64
2019-11-01,NFP,207.0,0.06,INLINE,GOLDILOCKS,MEDIUM,6.0,21.0,4.0,2.0,9.0,4.0,12.0,11.36
2019-12-01,NFP,127.0,-0.808,MISS,GOLDILOCKS,MEDIUM,5.0,6.0,14.0,5.0,6.0,0.0,0.0,-27.11
2020-01-01,NFP,237.0,0.39,INLINE,DEFLATION_RISK,MEDIUM,-4.0,-5.0,-41.0,-4.0,-5.0,0.0,0.0,27.07
2020-02-01,NFP,262.0,0.605,BEAT,DEFLATION_RISK,MEDIUM,3.0,8.0,-49.0,0.0,0.0,3.0,8.0,23.4
2020-03-01,NFP,-1398.0,-3.456,MISS,DEFLATION_RISK,HIGH,-3.0,-39.0,-43.0,-1.0,-2.0,-2.0,-37.0,136.01
2020-04-01,NFP,-20469.0,-3.476,MISS,DEFLATION_RISK,HIGH,1.0,15.0,2.0,1.0,11.0,0.0,4.0,56.4
2020-05-01,NFP,2614.0,0.399,INLINE,DEFLATION_RISK,HIGH,0.0,5.0,4.0,1.0,9.0,-1.0,-4.0,12.03
2020-06-01,NFP,4631.0,0.704,BEAT,DEFLATION_RISK,HIGH,2.0,22.0,0.0,-1.0,14.0,3.0,8.0,25.09
2020-07-01,NFP,1584.0,0.216,INLINE,GOLDILOCKS,HIGH,-1.0,-7.0,-14.0,0.0,-6.0,-1.0,-1.0,14.15
2020-08-01,NFP,1566.0,0.211,INLINE,GOLDILOCKS,HIGH,1.0,2.0,17.0,1.0,-0.0,0.0,2.0,23.49
2020-09-01,NFP,949.0,0.11,INLINE,GOLDILOCKS,HIGH,-2.0,3.0,0.0,-3.0,2.0,1.0,1.0,54.19
2020-10-01,NFP,690.0,0.033,INLINE,GOLDILOCKS,HIGH,2.0,10.0,19.0,3.0,11.0,-1.0,-1.0,-32.36
2020-11-01,NFP,273.0,-0.033,INLINE,GOLDILOCKS,HIGH,-1.0,-5.0,7.0,-3.0,-7.0,2.0,2.0,40.28
2020-12-01,NFP,-185.0,-0.104,INLINE,GOLDILOCKS,MEDIUM,3.0,0.0,1.0,4.0,3.0,-1.0,-3.0,6.56
2021-01-01,NFP,315.0,-0.029,INLINE,GOLDILOCKS,HIGH,0.0,20.0,19.0,2.0,19.0,-2.0,1.0,-55.42
2021-02-01,NFP,517.0,-0.014,INLINE,GOLDILOCKS,HIGH,3.0,10.0,38.0,3.0,10.0,0.0,0.0,52.45
2021-03-01,NFP,852.0,0.013,INLINE,GOLDILOCKS,HIGH,-3.0,14.0,28.0,-3.0,10.0,0.0,4.0,-31.53
2021-04-01,NFP,355.0,-0.315,INLINE,REFLATION,MEDIUM,3.0,-5.0,-4.0,1.0,-2.0,2.0,-3.0,58.04
2021-05-01,NFP,478.0,-0.1,INLINE,REFLATION,HIGH,-2.0,-5.0,-3.0,-2.0,-3.0,0.0,-2.0,11.49
2021-06-01,NFP,755.0,0.294,INLINE,REFLATION,HIGH,-3.0,-9.0,-17.0,-0.0,-7.0,-3.0,-2.0,6.08
2021-07-01,NFP,942.0,0.766,BEAT,REFLATION,HIGH,-4.0,-11.0,-28.0,-3.0,-9.0,-1.0,-2.0,32.4
2021-08-01,NFP,552.0,0.053,INLINE,REFLATION,HIGH,-4.0,7.0,5.0,-2.0,5.0,-2.0,2.0,-8.1
2021-09-01,NFP,457.0,-0.134,INLINE,REFLATION,HIGH,-2.0,-1.0,17.0,-2.0,-4.0,0.0,3.0,12.86
2021-10-01,NFP,801.0,0.98,BEAT,REFLATION,HIGH,1.0,13.0,8.0,1.0,8.0,0.0,5.0,-56.58
2021-11-01,NFP,658.0,0.408,INLINE,REFLATION,HIGH,-2.0,-7.0,-14.0,2.0,-2.0,-4.0,-5.0,16.98
2021-12-01,NFP,586.0,0.086,INLINE,REFLATION,HIGH,1.0,9.0,9.0,-6.0,-3.0,7.0,12.0,64.06
2022-01-01,NFP,190.0,-1.742,MISS,REFLATION,HIGH,11.0,24.0,29.0,6.0,10.0,5.0,14.0,30.38
2022-02-01,NFP,819.0,0.875,BEAT,REFLATION,MEDIUM,-3.0,15.0,5.0,-1.0,-2.0,-2.0,17.0,42.84
2022-03-01,NFP,490.0,-0.367,INLINE,REFLATION,HIGH,14.0,14.0,63.0,-5.0,-18.0,19.0,32.0,80.28
2022-04-01,NFP,308.0,-1.185,MISS,REFLATION,HIGH,3.0,33.0,58.0,4.0,24.0,-1.0,9.0,36.78
2022-05-01,NFP,301.0,-1.147,MISS,REFLATION,HIGH,10.0,23.0,-4.0,7.0,21.0,3.0,2.0,23.45
2022-06-01,NFP,434.0,-0.38,INLINE,REFLATION,HIGH,-2.0,9.0,-6.0,-1.0,-3.0,-1.0,12.0,75.59
2022-07-01,NFP,714.0,0.961,BEAT,REFLATION,HIGH,-6.0,11.0,-13.0,-4.0,-12.0,-2.0,23.0,6.06
2022-08-01,NFP,290.0,-0.867,MISS,REFLATION,HIGH,15.0,17.0,51.0,-1.0,-14.0,16.0,31.0,-27.44
2022-09-01,NFP,220.0,-1.066,MISS,REFLATION,HIGH,-6.0,7.0,41.0,5.0,2.0,-11.0,5.0,-42.59
2022-10-01,NFP,357.0,-0.187,INLINE,REFLATION,HIGH,-16.0,6.0,24.0,-6.0,-2.0,-10.0,8.0,92.81
2022-11-01,NFP,303.0,-0.149,INLINE,REFLATION,HIGH,3.0,7.0,-56.0,-4.0,-6.0,7.0,13.0,-96.41
2022-12-01,NFP,100.0,-0.978,MISS,REFLATION,MEDIUM,-2.0,-5.0,26.0,-5.0,-11.0,3.0,6.0,-4.87
2023-01-01,NFP,434.0,0.503,BEAT,REFLATION,HIGH,-9.0,-35.0,-49.0,-8.0,-13.0,-1.0,-22.0,-15.36
2023-02-01,NFP,290.0,-0.101,INLINE,REFLATION,HIGH,1.0,24.0,58.0,1.0,-12.0,0.0,36.0,60.55
2023-03-01,NFP,68.0,-1.401,MISS,REFLATION,HIGH,7.0,-3.0,-46.0,7.0,-19.0,0.0,16.0,29.96
2023-04-01,NFP,241.0,-0.323,INLINE,REFLATION,HIGH,-5.0,-9.0,11.0,4.0,-0.0,-9.0,-9.0,15.2
2023-05-01,NFP,280.0,-0.059,INLINE,REFLATION,HIGH,-15.0,-7.0,5.0,2.0,7.0,-17.0,-14.0,-48.29
2023-06-01,NFP,225.0,-0.362,INLINE,REFLATION,MEDIUM,8.0,12.0,25.0,-9.0,-7.0,17.0,19.0,61.35
2023-07-01,NFP,163.0,-0.946,MISS,REFLATION,HIGH,5.0,20.0,24.0,-2.0,22.0,7.0,-2.0,5.21
2023-08-01,NFP,218.0,-0.146,INLINE,REFLATION,HIGH,3.0,-3.0,7.0,7.0,15.0,-4.0,-18.0,-63.34
2023-09-01,NFP,156.0,-0.731,MISS,REFLATION,MEDIUM,9.0,11.0,63.0,2.0,1.0,7.0,10.0,-18.94
2023-10-01,NFP,159.0,-0.624,MISS,REFLATION,MEDIUM,10.0,19.0,29.0,1.0,14.0,9.0,5.0,0.34
2023-11-01,NFP,127.0,-0.637,MISS,REFLATION,MEDIUM,-10.0,-28.0,-55.0,-13.0,-26.0,3.0,-2.0,79.92
2023-12-01,NFP,154.0,-0.382,INLINE,REFLATION,MEDIUM,6.0,1.0,-31.0,-2.0,-14.0,8.0,15.0,-24.85
2024-01-01,NFP,175.0,0.093,INLINE,REFLATION,LOW,7.0,13.0,11.0,-3.0,0.0,10.0,13.0,-27.0
2024-02-01,NFP,206.0,0.654,BEAT,STAGFLATION_RISK,LOW,16.0,28.0,35.0,0.0,2.0,16.0,26.0,52.42
2024-03-01,NFP,228.0,0.829,BEAT,STAGFLATION_RISK,LOW,3.0,-10.0,17.0,-4.0,-4.0,7.0,-6.0,-6.13
2024-04-01,NFP,64.0,-1.869,MISS,REFLATION,LOW,3.0,9.0,36.0,5.0,3.0,-2.0,6.0,-37.96
2024-05-01,NFP,78.0,-1.55,MISS,REFLATION,LOW,-5.0,-15.0,-12.0,4.0,-3.0,-9.0,-12.0,45.81
2024-06-01,NFP,87.0,-1.311,MISS,REFLATION,LOW,-10.0,-8.0,-8.0,-3.0,-6.0,-7.0,-2.0,5.89
2024-07-01,NFP,53.0,-1.684,MISS,STAGFLATION_RISK,LOW,-5.0,-18.0,-39.0,-2.0,-3.0,-3.0,-15.0,33.92
2024-08-01,NFP,9.0,-1.977,MISS,STAGFLATION_RISK,LOW,-19.0,0.0,-8.0,9.0,12.0,-28.0,-12.0,-100.12
2024-09-01,NFP,155.0,0.218,INLINE,REFLATION,LOW,-7.0,-21.0,-17.0,-4.0,2.0,-3.0,-23.0,-119.47
2024-10-01,NFP,33.0,-1.052,MISS,STAGFLATION_RISK,LOW,5.0,30.0,54.0,3.0,-7.0,2.0,37.0,0.79
2024-11-01,NFP,134.0,0.333,INLINE,REFLATION,LOW,-6.0,-7.0,-18.0,-2.0,-12.0,-4.0,5.0,-16.11
2024-12-01,NFP,237.0,1.614,BEAT,REFLATION,LOW,1.0,-3.0,40.0,-3.0,0.0,4.0,-3.0,14.77
2025-01-01,NFP,-48.0,-1.448,MISS,STAGFLATION_RISK,LOW,-1.0,9.0,0.0,-1.0,6.0,0.0,3.0,-13.08
2025-02-01,NFP,42.0,-0.34,INLINE,STAGFLATION_RISK,LOW,-4.0,-9.0,-36.0,-8.0,-16.0,4.0,7.0,-45.96
2025-03-01,NFP,67.0,0.02,INLINE,STAGFLATION_RISK,LOW,-8.0,8.0,-1.0,-5.0,8.0,-3.0,0.0,-104.78
2025-04-01,NFP,108.0,0.481,INLINE,REFLATION,LOW,3.0,9.0,8.0,-1.0,25.0,4.0,-16.0,37.9
2025-05-01,NFP,13.0,-0.616,MISS,REFLATION,LOW,8.0,12.0,21.0,-5.0,-8.0,13.0,20.0,82.53
2025-06-01,NFP,-20.0,-0.835,MISS,REFLATION,LOW,5.0,10.0,-15.0,0.0,-5.0,5.0,15.0,24.25
2025-07-01,NFP,64.0,0.136,INLINE,REFLATION,LOW,4.0,8.0,11.0,4.0,0.0,0.0,8.0,29.41
2025-08-01,NFP,-70.0,-1.388,MISS,REFLATION,LOW,-1.0,4.0,5.0,-1.0,-3.0,0.0,7.0,91.93
2025-09-01,NFP,76.0,0.275,INLINE,REFLATION,LOW,5.0,-18.0,-7.0,-2.0,-8.0,7.0,-10.0,-44.72
2025-10-01,NFP,-140.0,-1.918,MISS,STAGFLATION_RISK,MEDIUM,-2.0,1.0,-1.0,-2.0,-2.0,0.0,3.0,4.15
2025-11-01,NFP,41.0,-0.005,INLINE,STAGFLATION_RISK,LOW,2.0,0.0,-5.0,2.0,5.0,0.0,-5.0,11.77
2025-12-01,NFP,-17.0,-0.617,MISS,STAGFLATION_RISK,LOW,0.0,8.0,9.0,3.0,5.0,-3.0,3.0,16.74
2026-01-01,NFP,160.0,1.468,BEAT,REFLATION,LOW,1.0,1.0,11.0,1.0,-1.0,0.0,2.0,12.97
2026-02-01,NFP,-133.0,-1.726,MISS,STAGFLATION_RISK,LOW,3.0,-4.0,-20.0,-2.0,-2.0,5.0,-2.0,37.41
2026-03-01,NFP,178.0,1.458,BEAT,REFLATION,LOW,8.0,18.0,38.0,-1.0,0.0,9.0,18.0,2.74
2005-01-01,PHILLY_FED,13.5,-2.267,MISS,GOLDILOCKS,MEDIUM,-1.0,5.0,-9.0,-3.0,-7.0,2.0,12.0,
2005-02-01,PHILLY_FED,21.1,-0.819,MISS,GOLDILOCKS,MEDIUM,0.0,-10.0,24.0,-3.0,-14.0,3.0,4.0,
2005-03-01,PHILLY_FED,15.1,-1.502,MISS,GOLDILOCKS,MEDIUM,0.0,0.0,12.0,2.0,-3.0,-2.0,3.0,
2005-04-01,PHILLY_FED,25.2,0.016,INLINE,GOLDILOCKS,LOW,1.0,4.0,-25.0,2.0,2.0,-1.0,2.0,
2005-05-01,PHILLY_FED,9.3,-1.883,MISS,GOLDILOCKS,LOW,0.0,7.0,-21.0,2.0,0.0,-2.0,7.0,
2005-06-01,PHILLY_FED,-1.3,-2.295,MISS,GOLDILOCKS,MEDIUM,-2.0,4.0,3.0,-4.0,-6.0,2.0,10.0,
2005-07-01,PHILLY_FED,8.1,-1.305,MISS,GOLDILOCKS,MEDIUM,5.0,5.0,28.0,2.0,0.0,3.0,5.0,
2005-08-01,PHILLY_FED,11.2,-0.701,MISS,GOLDILOCKS,MEDIUM,2.0,10.0,-16.0,0.0,-2.0,2.0,12.0,
2005-09-01,PHILLY_FED,7.1,-0.827,MISS,GOLDILOCKS,LOW,1.0,12.0,37.0,-2.0,-4.0,3.0,16.0,
2005-10-01,PHILLY_FED,4.8,-0.909,MISS,GOLDILOCKS,LOW,5.0,1.0,24.0,2.0,1.0,3.0,0.0,
2005-11-01,PHILLY_FED,10.3,-0.055,INLINE,GOLDILOCKS,LOW,3.0,-1.0,-6.0,2.0,-2.0,1.0,1.0,
2005-12-01,PHILLY_FED,12.9,0.306,INLINE,GOLDILOCKS,MEDIUM,0.0,-5.0,-15.0,2.0,3.0,-2.0,-8.0,
2006-01-01,PHILLY_FED,5.4,-0.61,MISS,GOLDILOCKS,HIGH,-2.0,-1.0,18.0,5.0,4.0,-7.0,-5.0,
2006-02-01,PHILLY_FED,15.3,0.83,BEAT,GOLDILOCKS,MEDIUM,0.0,-1.0,11.0,0.0,-6.0,0.0,5.0,
2006-03-01,PHILLY_FED,14.7,0.743,BEAT,GOLDILOCKS,MEDIUM,5.0,14.0,27.0,4.0,13.0,1.0,1.0,
2006-04-01,PHILLY_FED,14.2,0.904,BEAT,GOLDILOCKS,LOW,2.0,11.0,26.0,-2.0,4.0,4.0,7.0,
2006-05-01,PHILLY_FED,13.7,0.587,BEAT,REFLATION,LOW,-2.0,-2.0,-2.0,0.0,-5.0,-2.0,3.0,
2006-06-01,PHILLY_FED,11.7,0.068,INLINE,REFLATION,LOW,-11.0,-11.0,4.0,1.0,-8.0,-12.0,-3.0,
2006-07-01,PHILLY_FED,4.0,-1.819,MISS,REFLATION,LOW,0.0,-2.0,-16.0,-1.0,-3.0,1.0,1.0,
2006-08-01,PHILLY_FED,12.5,0.097,INLINE,STAGFLATION_RISK,LOW,-3.0,-6.0,-23.0,-3.0,-0.0,0.0,-6.0,
2006-09-01,PHILLY_FED,-0.8,-2.471,MISS,REFLATION,LOW,5.0,7.0,-11.0,2.0,1.0,3.0,6.0,
2006-10-01,PHILLY_FED,2.3,-1.786,MISS,REFLATION,LOW,-2.0,6.0,-3.0,3.0,3.0,-5.0,3.0,
2006-11-01,PHILLY_FED,4.5,-1.338,MISS,GOLDILOCKS,LOW,3.0,7.0,-14.0,2.0,-2.0,1.0,9.0,
2006-12-01,PHILLY_FED,-1.8,-1.629,MISS,GOLDILOCKS,LOW,0.0,13.0,24.0,0.0,-3.0,0.0,16.0,
2007-01-01,PHILLY_FED,7.5,-0.333,INLINE,GOLDILOCKS,LOW,-3.0,-5.0,12.0,-1.0,-1.0,-2.0,-4.0,
2007-02-01,PHILLY_FED,3.5,-0.417,INLINE,REFLATION,LOW,-1.0,-11.0,-33.0,1.0,-2.0,-2.0,-9.0,
2007-03-01,PHILLY_FED,2.8,-0.258,INLINE,GOLDILOCKS,LOW,-4.0,-5.0,9.0,3.0,2.0,-7.0,-7.0,
2007-04-01,PHILLY_FED,2.9,-0.168,INLINE,GOLDILOCKS,LOW,0.0,11.0,-2.0,-2.0,-6.0,2.0,17.0,
2007-05-01,PHILLY_FED,3.7,0.023,INLINE,GOLDILOCKS,LOW,1.0,-1.0,26.0,-1.0,-6.0,2.0,5.0,
2007-06-01,PHILLY_FED,17.3,2.559,BEAT,GOLDILOCKS,LOW,-2.0,17.0,5.0,-2.0,13.0,0.0,4.0,
2007-07-01,PHILLY_FED,6.8,0.596,BEAT,DEFLATION_RISK,LOW,-3.0,13.0,-25.0,-2.0,3.0,-1.0,10.0,
2007-08-01,PHILLY_FED,-0.5,-0.733,MISS,DEFLATION_RISK,LOW,1.0,8.0,-25.0,-2.0,0.0,3.0,8.0,
2007-09-01,PHILLY_FED,7.5,0.797,BEAT,GOLDILOCKS,LOW,2.0,-20.0,0.0,4.0,8.0,-2.0,-28.0,
2007-10-01,PHILLY_FED,7.8,0.755,BEAT,GOLDILOCKS,LOW,-2.0,11.0,-8.0,2.0,-2.0,-4.0,13.0,
2007-11-01,PHILLY_FED,6.7,0.305,INLINE,GOLDILOCKS,LOW,-5.0,-8.0,-47.0,6.0,22.0,-11.0,-30.0,
2007-12-01,PHILLY_FED,-5.4,-1.937,MISS,DEFLATION_RISK,LOW,-8.0,15.0,-6.0,6.0,7.0,-14.0,8.0,
2008-01-01,PHILLY_FED,-18.4,-2.552,MISS,DEFLATION_RISK,MEDIUM,-13.0,-18.0,-37.0,4.0,11.0,-17.0,-29.0,
2008-02-01,PHILLY_FED,-20.3,-2.165,MISS,DEFLATION_RISK,MEDIUM,6.0,2.0,1.0,7.0,18.0,-1.0,-16.0,
2008-03-01,PHILLY_FED,-14.7,-1.53,MISS,DEFLATION_RISK,MEDIUM,1.0,3.0,4.0,5.0,15.0,-4.0,-12.0,
2008-04-01,PHILLY_FED,-21.3,-1.746,MISS,DEFLATION_RISK,MEDIUM,3.0,1.0,20.0,-5.0,-6.0,8.0,7.0,
2008-05-01,PHILLY_FED,-16.1,-0.974,MISS,DEFLATION_RISK,MEDIUM,11.0,1.0,20.0,1.0,13.0,10.0,-12.0,
2008-06-01,PHILLY_FED,-16.8,-0.559,MISS,DEFLATION_RISK,MEDIUM,-8.0,-12.0,-7.0,7.0,14.0,-15.0,-26.0,
2008-07-01,PHILLY_FED,-16.2,-0.07,INLINE,DEFLATION_RISK,HIGH,-2.0,-16.0,-2.0,1.0,6.0,-3.0,-22.0,
2008-08-01,PHILLY_FED,-17.6,-0.127,INLINE,DEFLATION_RISK,HIGH,1.0,-3.0,-23.0,-1.0,-3.0,2.0,0.0,
2008-09-01,PHILLY_FED,2.1,1.705,BEAT,DEFLATION_RISK,HIGH,-9.0,-17.0,2.0,1.0,-11.0,-10.0,-6.0,
2008-10-01,PHILLY_FED,-37.5,-1.828,MISS,DEFLATION_RISK,HIGH,-11.0,-5.0,24.0,9.0,12.0,-20.0,-17.0,
2008-11-01,PHILLY_FED,-40.9,-2.03,MISS,DEFLATION_RISK,HIGH,-5.0,-18.0,-134.0,6.0,5.0,-11.0,-23.0,
2008-12-01,PHILLY_FED,-37.6,-1.625,MISS,DEFLATION_RISK,HIGH,-4.0,5.0,-47.0,-4.0,-2.0,0.0,7.0,
2009-01-01,PHILLY_FED,-31.1,-0.985,MISS,DEFLATION_RISK,HIGH,21.0,22.0,51.0,9.0,15.0,12.0,7.0,
2009-02-01,PHILLY_FED,-39.6,-1.518,MISS,DEFLATION_RISK,HIGH,-11.0,18.0,6.0,-6.0,13.0,-5.0,5.0,
2009-03-01,PHILLY_FED,-34.4,-0.619,MISS,DEFLATION_RISK,HIGH,-11.0,-19.0,-29.0,0.0,-10.0,-11.0,-9.0,
2009-04-01,PHILLY_FED,-25.2,0.224,INLINE,DEFLATION_RISK,HIGH,9.0,18.0,53.0,4.0,8.0,5.0,10.0,
2009-05-01,PHILLY_FED,-22.4,0.447,INLINE,DEFLATION_RISK,HIGH,-2.0,8.0,44.0,-4.0,0.0,2.0,8.0,
2009-06-01,PHILLY_FED,0.2,1.913,BEAT,DEFLATION_RISK,HIGH,-6.0,20.0,-18.0,-5.0,-25.0,-1.0,45.0,
2009-07-01,PHILLY_FED,-6.6,1.384,BEAT,DEFLATION_RISK,HIGH,-4.0,-11.0,-3.0,3.0,0.0,-7.0,-11.0,
2009-08-01,PHILLY_FED,8.9,2.03,BEAT,DEFLATION_RISK,HIGH,14.0,37.0,-12.0,9.0,18.0,5.0,19.0,
2009-09-01,PHILLY_FED,15.2,2.155,BEAT,DEFLATION_RISK,HIGH,-9.0,10.0,-17.0,-6.0,9.0,-3.0,1.0,
2009-10-01,PHILLY_FED,12.6,1.692,BEAT,DEFLATION_RISK,MEDIUM,3.0,6.0,24.0,2.0,3.0,1.0,3.0,
2009-11-01,PHILLY_FED,15.4,1.365,BEAT,GOLDILOCKS,MEDIUM,4.0,13.0,-9.0,2.0,17.0,2.0,-4.0,
2009-12-01,PHILLY_FED,16.5,0.907,BEAT,DEFLATION_RISK,MEDIUM,4.0,12.0,57.0,-1.0,6.0,5.0,6.0,
2010-01-01,PHILLY_FED,12.9,0.396,INLINE,GOLDILOCKS,MEDIUM,0.0,-2.0,-18.0,5.0,16.0,-5.0,-18.0,
2010-02-01,PHILLY_FED,14.0,0.177,INLINE,DEFLATION_RISK,MEDIUM,-1.0,-6.0,-5.0,-1.0,1.0,0.0,-7.0,
2010-03-01,PHILLY_FED,14.2,0.097,INLINE,GOLDILOCKS,MEDIUM,1.0,11.0,27.0,1.0,1.0,0.0,10.0,
2010-04-01,PHILLY_FED,16.0,0.214,INLINE,GOLDILOCKS,HIGH,7.0,2.0,-20.0,1.0,-2.0,6.0,4.0,
2010-05-01,PHILLY_FED,22.2,1.041,BEAT,GOLDILOCKS,HIGH,3.0,-24.0,-40.0,0.0,-10.0,3.0,-14.0,
2010-06-01,PHILLY_FED,15.0,0.058,INLINE,GOLDILOCKS,HIGH,6.0,-11.0,-32.0,2.0,-7.0,4.0,-4.0,
2010-07-01,PHILLY_FED,7.7,-1.867,MISS,GOLDILOCKS,HIGH,4.0,11.0,3.0,4.0,11.0,0.0,0.0,
2010-08-01,PHILLY_FED,3.6,-2.393,MISS,GOLDILOCKS,HIGH,5.0,-8.0,-40.0,4.0,-3.0,1.0,-5.0,
2010-09-01,PHILLY_FED,4.5,-1.818,MISS,DEFLATION_RISK,MEDIUM,5.0,19.0,-4.0,5.0,12.0,0.0,7.0,
2010-10-01,PHILLY_FED,0.3,-2.152,MISS,GOLDILOCKS,HIGH,-4.0,-13.0,9.0,-3.0,-6.0,-1.0,-7.0,
2010-11-01,PHILLY_FED,19.1,0.748,BEAT,DEFLATION_RISK,MEDIUM,-3.0,-6.0,35.0,-3.0,-13.0,0.0,7.0,
2010-12-01,PHILLY_FED,15.4,0.196,INLINE,GOLDILOCKS,HIGH,4.0,29.0,33.0,2.0,19.0,2.0,10.0,
2011-01-01,PHILLY_FED,16.5,0.282,INLINE,DEFLATION_RISK,MEDIUM,6.0,4.0,18.0,6.0,5.0,0.0,-1.0,
2011-02-01,PHILLY_FED,28.8,1.648,BEAT,GOLDILOCKS,MEDIUM,4.0,27.0,10.0,-2.0,2.0,6.0,25.0,
2011-03-01,PHILLY_FED,36.5,1.966,BEAT,GOLDILOCKS,MEDIUM,5.0,15.0,6.0,2.0,8.0,3.0,7.0,
2011-04-01,PHILLY_FED,12.9,-0.217,INLINE,GOLDILOCKS,MEDIUM,-1.0,13.0,-18.0,2.0,10.0,-3.0,3.0,
2011-05-01,PHILLY_FED,6.2,-0.728,MISS,GOLDILOCKS,MEDIUM,-1.0,-13.0,-27.0,-1.0,-9.0,0.0,-4.0,
2011-06-01,PHILLY_FED,-0.5,-0.946,MISS,GOLDILOCKS,MEDIUM,8.0,2.0,22.0,7.0,7.0,1.0,-5.0,
2011-07-01,PHILLY_FED,7.1,-0.253,INLINE,DEFLATION_RISK,MEDIUM,-6.0,-28.0,-56.0,0.0,-15.0,-6.0,-13.0,
2011-08-01,PHILLY_FED,-19.6,-2.026,MISS,DEFLATION_RISK,LOW,-11.0,-37.0,-58.0,-6.0,-26.0,-5.0,-11.0,
2011-09-01,PHILLY_FED,-10.7,-1.31,MISS,GOLDILOCKS,MEDIUM,-13.0,-22.0,-35.0,-14.0,-20.0,1.0,-2.0,
2011-10-01,PHILLY_FED,6.2,-0.244,INLINE,GOLDILOCKS,HIGH,-12.0,18.0,9.0,-11.0,13.0,-1.0,5.0,
2011-11-01,PHILLY_FED,4.0,-0.172,INLINE,GOLDILOCKS,HIGH,2.0,9.0,4.0,2.0,7.0,0.0,2.0,
2011-12-01,PHILLY_FED,2.4,-0.248,INLINE,GOLDILOCKS,HIGH,-6.0,-12.0,-14.0,-4.0,-7.0,-2.0,-5.0,
2012-01-01,PHILLY_FED,7.5,0.086,INLINE,GOLDILOCKS,HIGH,8.0,9.0,-2.0,6.0,8.0,2.0,1.0,
2012-02-01,PHILLY_FED,10.3,0.305,INLINE,GOLDILOCKS,MEDIUM,-1.0,14.0,12.0,-1.0,10.0,0.0,4.0,
2012-03-01,PHILLY_FED,8.8,0.279,INLINE,GOLDILOCKS,MEDIUM,-4.0,0.0,20.0,-2.0,-2.0,-2.0,2.0,
2012-04-01,PHILLY_FED,5.7,-0.028,INLINE,GOLDILOCKS,LOW,-1.0,-16.0,-28.0,-1.0,-15.0,0.0,-1.0,
2012-05-01,PHILLY_FED,-0.8,-0.644,MISS,GOLDILOCKS,LOW,-2.0,-10.0,-39.0,-2.0,-10.0,0.0,0.0,
2012-06-01,PHILLY_FED,-12.6,-1.799,MISS,GOLDILOCKS,LOW,6.0,18.0,14.0,6.0,15.0,0.0,3.0,
2012-07-01,PHILLY_FED,-12.7,-1.561,MISS,DEFLATION_RISK,MEDIUM,-6.0,-14.0,-16.0,-3.0,-8.0,-3.0,-6.0,
2012-08-01,PHILLY_FED,-2.6,-0.692,MISS,DEFLATION_RISK,MEDIUM,-5.0,12.0,7.0,-5.0,7.0,0.0,5.0,
2012-09-01,PHILLY_FED,0.2,-0.394,INLINE,GOLDILOCKS,MEDIUM,2.0,11.0,7.0,1.0,8.0,1.0,3.0,
2012-10-01,PHILLY_FED,-1.2,-0.334,INLINE,GOLDILOCKS,MEDIUM,0.0,10.0,11.0,2.0,10.0,-2.0,0.0,
2012-11-01,PHILLY_FED,-10.6,-1.276,MISS,GOLDILOCKS,MEDIUM,0.0,-13.0,-13.0,2.0,-10.0,-2.0,-3.0,
2012-12-01,PHILLY_FED,2.5,0.347,INLINE,DEFLATION_RISK,LOW,1.0,2.0,24.0,1.0,2.0,0.0,0.0,
2013-01-01,PHILLY_FED,-1.4,-0.052,INLINE,GOLDILOCKS,MEDIUM,8.0,11.0,24.0,6.0,11.0,2.0,0.0,
2013-02-01,PHILLY_FED,-5.5,-0.615,MISS,GOLDILOCKS,MEDIUM,-4.0,-5.0,-14.0,-2.0,-3.0,-2.0,-2.0,
2013-03-01,PHILLY_FED,2.1,0.562,BEAT,GOLDILOCKS,MEDIUM,2.0,20.0,2.0,3.0,18.0,-1.0,2.0,
2013-04-01,PHILLY_FED,0.4,0.308,INLINE,GOLDILOCKS,MEDIUM,2.0,-10.0,-16.0,-0.0,-11.0,2.0,1.0,
2013-05-01,PHILLY_FED,0.3,0.287,INLINE,GOLDILOCKS,MEDIUM,0.0,15.0,50.0,0.0,13.0,0.0,2.0,
2013-06-01,PHILLY_FED,12.7,2.029,BEAT,GOLDILOCKS,MEDIUM,-3.0,1.0,34.0,-3.0,-1.0,0.0,2.0,
2013-07-01,PHILLY_FED,15.9,2.185,BEAT,GOLDILOCKS,MEDIUM,-2.0,15.0,10.0,-2.0,12.0,0.0,3.0,
2013-08-01,PHILLY_FED,8.0,1.045,BEAT,GOLDILOCKS,MEDIUM,-11.0,-16.0,4.0,-6.0,-11.0,-5.0,-5.0,
2013-09-01,PHILLY_FED,20.6,2.14,BEAT,GOLDILOCKS,HIGH,8.0,12.0,-12.0,4.0,6.0,4.0,6.0,
2013-10-01,PHILLY_FED,13.4,1.192,BEAT,GOLDILOCKS,HIGH,-3.0,0.0,-9.0,-1.0,-7.0,-2.0,7.0,
2013-11-01,PHILLY_FED,4.8,0.145,INLINE,GOLDILOCKS,HIGH,-2.0,12.0,19.0,-1.0,13.0,-1.0,-1.0,
2013-12-01,PHILLY_FED,3.9,-0.057,INLINE,GOLDILOCKS,HIGH,6.0,13.0,29.0,4.0,11.0,2.0,2.0,
2014-01-01,PHILLY_FED,15.4,1.139,BEAT,GOLDILOCKS,MEDIUM,-4.0,-3.0,-37.0,-5.0,-8.0,1.0,5.0,
2014-02-01,PHILLY_FED,2.1,-0.614,MISS,DEFLATION_RISK,MEDIUM,-6.0,4.0,3.0,-2.0,8.0,-4.0,-4.0,
2014-03-01,PHILLY_FED,12.6,0.338,INLINE,DEFLATION_RISK,MEDIUM,-6.0,14.0,7.0,-5.0,9.0,-1.0,5.0,
2014-04-01,PHILLY_FED,16.9,0.65,BEAT,GOLDILOCKS,HIGH,5.0,-8.0,-14.0,2.0,-4.0,3.0,-4.0,
2014-05-01,PHILLY_FED,18.3,0.872,BEAT,GOLDILOCKS,HIGH,-3.0,-2.0,-9.0,-4.0,-1.0,1.0,-1.0,
2014-06-01,PHILLY_FED,14.2,0.066,INLINE,GOLDILOCKS,HIGH,6.0,12.0,5.0,4.0,8.0,2.0,4.0,
2014-07-01,PHILLY_FED,21.4,1.161,BEAT,GOLDILOCKS,HIGH,6.0,-1.0,0.0,4.0,-5.0,2.0,4.0,
2014-08-01,PHILLY_FED,22.6,1.122,BEAT,GOLDILOCKS,HIGH,-1.0,-8.0,-10.0,-1.0,-6.0,0.0,-2.0,
2014-09-01,PHILLY_FED,21.8,0.991,BEAT,GOLDILOCKS,HIGH,7.0,13.0,17.0,2.0,7.0,5.0,6.0,
2014-10-01,PHILLY_FED,18.0,0.259,INLINE,GOLDILOCKS,HIGH,2.0,-7.0,-7.0,2.0,0.0,0.0,-7.0,
2014-11-01,PHILLY_FED,35.9,2.09,BEAT,GOLDILOCKS,HIGH,1.0,-3.0,-6.0,-1.0,-4.0,2.0,1.0,
2014-12-01,PHILLY_FED,21.6,0.438,INLINE,GOLDILOCKS,HIGH,6.0,4.0,-5.0,-0.0,-11.0,6.0,15.0,
2015-01-01,PHILLY_FED,13.4,-0.596,MISS,GOLDILOCKS,HIGH,-5.0,-14.0,-49.0,-4.0,-9.0,-1.0,-5.0,
2015-02-01,PHILLY_FED,10.7,-1.117,MISS,GOLDILOCKS,HIGH,0.0,27.0,44.0,-2.0,9.0,2.0,18.0,
2015-03-01,PHILLY_FED,7.2,-1.502,MISS,GOLDILOCKS,MEDIUM,8.0,24.0,-4.0,5.0,14.0,3.0,10.0,
2015-04-01,PHILLY_FED,9.6,-1.107,MISS,GOLDILOCKS,HIGH,5.0,5.0,18.0,5.0,6.0,0.0,-1.0,
2015-05-01,PHILLY_FED,5.7,-1.226,MISS,GOLDILOCKS,MEDIUM,4.0,4.0,15.0,4.0,5.0,0.0,-1.0,
2015-06-01,PHILLY_FED,8.2,-0.85,MISS,GOLDILOCKS,MEDIUM,8.0,20.0,16.0,8.0,14.0,0.0,6.0,
2015-07-01,PHILLY_FED,4.6,-0.804,MISS,GOLDILOCKS,MEDIUM,-3.0,-11.0,-23.0,2.0,-2.0,-5.0,-9.0,
2015-08-01,PHILLY_FED,5.4,-0.51,MISS,GOLDILOCKS,HIGH,-4.0,-2.0,1.0,-5.0,-8.0,1.0,6.0,
2015-09-01,PHILLY_FED,-3.6,-1.237,MISS,GOLDILOCKS,HIGH,3.0,4.0,-12.0,1.0,-1.0,2.0,5.0,
2015-10-01,PHILLY_FED,-4.9,-1.158,MISS,GOLDILOCKS,MEDIUM,-6.0,7.0,15.0,0.0,6.0,-6.0,1.0,
2015-11-01,PHILLY_FED,-3.1,-1.257,MISS,DEFLATION_RISK,MEDIUM,4.0,18.0,2.0,2.0,3.0,2.0,15.0,
2015-12-01,PHILLY_FED,-9.1,-2.062,MISS,DEFLATION_RISK,MEDIUM,3.0,9.0,12.0,0.0,6.0,3.0,3.0,
2016-01-01,PHILLY_FED,-4.4,-1.395,MISS,GOLDILOCKS,MEDIUM,-3.0,-14.0,-40.0,1.0,-2.0,-4.0,-12.0,
2016-02-01,PHILLY_FED,-5.7,-0.99,MISS,GOLDILOCKS,MEDIUM,-10.0,-22.0,-13.0,-4.0,-7.0,-6.0,-15.0,
2016-03-01,PHILLY_FED,8.4,1.154,BEAT,GOLDILOCKS,MEDIUM,1.0,0.0,-5.0,1.0,-3.0,0.0,3.0,
2016-04-01,PHILLY_FED,-1.8,0.107,INLINE,DEFLATION_RISK,MEDIUM,-1.0,-7.0,9.0,0.0,-1.0,-1.0,-6.0,
2016-05-01,PHILLY_FED,-5.6,-0.377,INLINE,DEFLATION_RISK,MEDIUM,5.0,-4.0,1.0,2.0,-1.0,3.0,-3.0,16.13
2016-06-01,PHILLY_FED,4.4,1.402,BEAT,GOLDILOCKS,MEDIUM,-4.0,-14.0,-36.0,-2.0,-1.0,-2.0,-13.0,5.93
2016-07-01,PHILLY_FED,1.6,0.934,BEAT,GOLDILOCKS,HIGH,-9.0,-3.0,9.0,-6.0,-10.0,-3.0,7.0,-14.4
2016-08-01,PHILLY_FED,5.0,1.589,BEAT,GOLDILOCKS,MEDIUM,4.0,8.0,6.0,4.0,1.0,0.0,7.0,-13.81
2016-09-01,PHILLY_FED,12.5,2.273,BEAT,GOLDILOCKS,MEDIUM,3.0,10.0,6.0,1.0,9.0,2.0,1.0,9.12
2016-10-01,PHILLY_FED,11.0,1.557,BEAT,GOLDILOCKS,MEDIUM,3.0,13.0,23.0,-0.0,7.0,3.0,6.0,-7.07
2016-11-01,PHILLY_FED,10.7,1.028,BEAT,GOLDILOCKS,MEDIUM,-2.0,5.0,57.0,0.0,1.0,-2.0,4.0,-13.78
2016-12-01,PHILLY_FED,22.4,2.06,BEAT,GOLDILOCKS,MEDIUM,-5.0,-5.0,0.0,-2.0,-3.0,-3.0,-2.0,0.87
2017-01-01,PHILLY_FED,24.0,1.792,BEAT,GOLDILOCKS,MEDIUM,0.0,-7.0,3.0,-2.0,-8.0,2.0,1.0,19.0
2017-02-01,PHILLY_FED,41.4,2.463,BEAT,GOLDILOCKS,MEDIUM,0.0,-14.0,1.0,1.0,-7.0,-1.0,-7.0,1.3
2017-03-01,PHILLY_FED,29.6,1.346,BEAT,GOLDILOCKS,MEDIUM,3.0,11.0,-4.0,0.0,4.0,3.0,7.0,-14.04
2017-04-01,PHILLY_FED,22.0,0.769,BEAT,GOLDILOCKS,MEDIUM,-5.0,-2.0,-11.0,-2.0,-4.0,-3.0,2.0,-3.88
2017-05-01,PHILLY_FED,33.7,1.302,BEAT,GOLDILOCKS,MEDIUM,-4.0,6.0,-12.0,-3.0,1.0,-1.0,5.0,2.84
2017-06-01,PHILLY_FED,28.5,0.519,BEAT,GOLDILOCKS,MEDIUM,-6.0,-2.0,10.0,-6.0,-7.0,0.0,5.0,9.01
2017-07-01,PHILLY_FED,22.6,0.009,INLINE,GOLDILOCKS,HIGH,4.0,7.0,-5.0,1.0,5.0,3.0,2.0,5.6
2017-08-01,PHILLY_FED,19.9,-0.281,INLINE,GOLDILOCKS,MEDIUM,1.0,3.0,-11.0,-1.0,1.0,2.0,2.0,1.22
2017-09-01,PHILLY_FED,24.5,0.139,INLINE,GOLDILOCKS,MEDIUM,-9.0,-2.0,17.0,-4.0,1.0,-5.0,-3.0,-18.7
2017-10-01,PHILLY_FED,27.8,0.467,INLINE,GOLDILOCKS,HIGH,1.0,4.0,5.0,-1.0,-3.0,2.0,7.0,9.76
2017-11-01,PHILLY_FED,25.8,0.109,INLINE,GOLDILOCKS,HIGH,-2.0,-5.0,0.0,-2.0,-9.0,0.0,4.0,0.49
2017-12-01,PHILLY_FED,29.0,0.377,INLINE,GOLDILOCKS,HIGH,0.0,1.0,7.0,-2.0,-1.0,2.0,2.0,-2.78
2018-01-01,PHILLY_FED,20.8,-0.987,MISS,GOLDILOCKS,MEDIUM,6.0,9.0,32.0,3.0,2.0,3.0,7.0,22.2
2018-02-01,PHILLY_FED,32.3,1.222,BEAT,GOLDILOCKS,MEDIUM,6.0,7.0,10.0,7.0,10.0,-1.0,-3.0,-59.85
2018-03-01,PHILLY_FED,19.7,-1.146,MISS,GOLDILOCKS,MEDIUM,5.0,5.0,-8.0,2.0,2.0,3.0,3.0,13.58
2018-04-01,PHILLY_FED,23.2,-0.416,INLINE,GOLDILOCKS,MEDIUM,-1.0,3.0,21.0,1.0,3.0,-2.0,0.0,-58.99
2018-05-01,PHILLY_FED,32.1,1.56,BEAT,GOLDILOCKS,MEDIUM,0.0,0.0,-14.0,1.0,-1.0,-1.0,1.0,-19.13
2018-06-01,PHILLY_FED,22.2,-0.371,INLINE,GOLDILOCKS,MEDIUM,5.0,4.0,-2.0,0.0,1.0,5.0,3.0,12.25
2018-07-01,PHILLY_FED,24.7,0.023,INLINE,GOLDILOCKS,MEDIUM,2.0,1.0,11.0,-3.0,-4.0,5.0,5.0,8.34
2018-08-01,PHILLY_FED,8.7,-2.503,MISS,GOLDILOCKS,MEDIUM,-2.0,-4.0,-14.0,-1.0,-5.0,-1.0,1.0,13.86
2018-09-01,PHILLY_FED,22.2,-0.274,INLINE,GOLDILOCKS,MEDIUM,4.0,8.0,19.0,0.0,-3.0,4.0,11.0,-4.8
2018-10-01,PHILLY_FED,20.7,-0.316,INLINE,GOLDILOCKS,LOW,-4.0,12.0,6.0,-4.0,6.0,0.0,6.0,-1.16
2018-11-01,PHILLY_FED,14.8,-1.098,MISS,DEFLATION_RISK,LOW,8.0,10.0,-23.0,1.0,-4.0,7.0,14.0,-17.31
2018-12-01,PHILLY_FED,10.9,-1.478,MISS,DEFLATION_RISK,LOW,-3.0,-16.0,-45.0,-6.0,-8.0,3.0,-8.0,30.2
2019-01-01,PHILLY_FED,11.6,-1.284,MISS,GOLDILOCKS,MEDIUM,-3.0,4.0,-6.0,-5.0,-6.0,2.0,10.0,3.18
2019-02-01,PHILLY_FED,0.8,-2.277,MISS,DEFLATION_RISK,LOW,3.0,-7.0,2.0,2.0,-0.0,1.0,-7.0,18.34
2019-03-01,PHILLY_FED,9.1,-0.98,MISS,GOLDILOCKS,MEDIUM,-4.0,-14.0,-27.0,-4.0,-4.0,0.0,-10.0,-10.88
2019-04-01,PHILLY_FED,8.9,-0.486,INLINE,GOLDILOCKS,MEDIUM,-1.0,3.0,3.0,2.0,0.0,-3.0,3.0,0.05
2019-05-01,PHILLY_FED,17.8,0.636,BEAT,GOLDILOCKS,MEDIUM,3.0,-3.0,-38.0,-1.0,-2.0,4.0,-1.0,-6.21
2019-06-01,PHILLY_FED,2.5,-1.163,MISS,GOLDILOCKS,MEDIUM,-7.0,-5.0,-11.0,6.0,5.0,-13.0,-10.0,-7.61
2019-07-01,PHILLY_FED,21.6,1.455,BEAT,GOLDILOCKS,MEDIUM,-5.0,4.0,-1.0,-4.0,-10.0,-1.0,14.0,8.68
2019-08-01,PHILLY_FED,11.2,-0.028,INLINE,GOLDILOCKS,MEDIUM,-4.0,-18.0,-40.0,-3.0,-7.0,-1.0,-11.0,-21.51
2019-09-01,PHILLY_FED,13.7,0.36,INLINE,GOLDILOCKS,MEDIUM,-3.0,13.0,15.0,0.0,5.0,-3.0,8.0,-20.19
2019-10-01,PHILLY_FED,5.5,-0.927,MISS,GOLDILOCKS,MEDIUM,-5.0,-11.0,4.0,3.0,3.0,-8.0,-14.0,-52.64
2019-11-01,PHILLY_FED,13.9,0.48,INLINE,GOLDILOCKS,MEDIUM,6.0,21.0,4.0,2.0,9.0,4.0,12.0,11.36
2019-12-01,PHILLY_FED,3.3,-1.088,MISS,GOLDILOCKS,MEDIUM,5.0,6.0,14.0,5.0,6.0,0.0,0.0,-27.11
2020-01-01,PHILLY_FED,13.0,0.449,INLINE,DEFLATION_RISK,MEDIUM,-4.0,-5.0,-41.0,-4.0,-5.0,0.0,0.0,27.07
2020-02-01,PHILLY_FED,36.4,2.626,BEAT,DEFLATION_RISK,MEDIUM,3.0,8.0,-49.0,0.0,0.0,3.0,8.0,23.4
2020-03-01,PHILLY_FED,-19.4,-2.389,MISS,DEFLATION_RISK,HIGH,-3.0,-39.0,-43.0,-1.0,-2.0,-2.0,-37.0,136.01
2020-04-01,PHILLY_FED,-58.7,-2.948,MISS,DEFLATION_RISK,HIGH,1.0,15.0,2.0,1.0,11.0,0.0,4.0,56.4
2020-05-01,PHILLY_FED,-42.9,-1.88,MISS,DEFLATION_RISK,HIGH,0.0,5.0,4.0,1.0,9.0,-1.0,-4.0,12.03
2020-06-01,PHILLY_FED,28.3,0.569,BEAT,DEFLATION_RISK,HIGH,2.0,22.0,0.0,-1.0,14.0,3.0,8.0,25.09
2020-07-01,PHILLY_FED,29.5,0.599,BEAT,GOLDILOCKS,HIGH,-1.0,-7.0,-14.0,0.0,-6.0,-1.0,-1.0,14.15
2020-08-01,PHILLY_FED,15.4,0.07,INLINE,GOLDILOCKS,HIGH,1.0,2.0,17.0,1.0,-0.0,0.0,2.0,23.49
2020-09-01,PHILLY_FED,16.4,0.101,INLINE,GOLDILOCKS,HIGH,-2.0,3.0,0.0,-3.0,2.0,1.0,1.0,54.19
2020-10-01,PHILLY_FED,30.5,0.523,BEAT,GOLDILOCKS,HIGH,2.0,10.0,19.0,3.0,11.0,-1.0,-1.0,-32.36
2020-11-01,PHILLY_FED,32.4,0.528,BEAT,GOLDILOCKS,HIGH,-1.0,-5.0,7.0,-3.0,-7.0,2.0,2.0,40.28
2020-12-01,PHILLY_FED,12.3,-0.115,INLINE,GOLDILOCKS,MEDIUM,3.0,0.0,1.0,4.0,3.0,-1.0,-3.0,6.56
2021-01-01,PHILLY_FED,25.5,0.144,INLINE,GOLDILOCKS,HIGH,0.0,20.0,19.0,2.0,19.0,-2.0,1.0,-55.42
2021-02-01,PHILLY_FED,29.3,0.268,INLINE,GOLDILOCKS,HIGH,3.0,10.0,38.0,3.0,10.0,0.0,0.0,52.45
2021-03-01,PHILLY_FED,37.9,0.356,INLINE,GOLDILOCKS,HIGH,-3.0,14.0,28.0,-3.0,10.0,0.0,4.0,-31.53
2021-04-01,PHILLY_FED,48.8,0.879,BEAT,REFLATION,MEDIUM,3.0,-5.0,-4.0,1.0,-2.0,2.0,-3.0,58.04
2021-05-01,PHILLY_FED,33.7,0.423,INLINE,REFLATION,HIGH,-2.0,-5.0,-3.0,-2.0,-3.0,0.0,-2.0,11.49
2021-06-01,PHILLY_FED,32.0,0.196,INLINE,REFLATION,HIGH,-3.0,-9.0,-17.0,-0.0,-7.0,-3.0,-2.0,6.08
2021-07-01,PHILLY_FED,26.7,-0.313,INLINE,REFLATION,HIGH,-4.0,-11.0,-28.0,-3.0,-9.0,-1.0,-2.0,32.4
2021-08-01,PHILLY_FED,17.5,-1.239,MISS,REFLATION,HIGH,-4.0,7.0,5.0,-2.0,5.0,-2.0,2.0,-8.1
2021-09-01,PHILLY_FED,32.2,0.102,INLINE,REFLATION,HIGH,-2.0,-1.0,17.0,-2.0,-4.0,0.0,3.0,12.86
2021-10-01,PHILLY_FED,21.5,-0.955,MISS,REFLATION,HIGH,1.0,13.0,8.0,1.0,8.0,0.0,5.0,-56.58
2021-11-01,PHILLY_FED,44.0,1.274,BEAT,REFLATION,HIGH,-2.0,-7.0,-14.0,2.0,-2.0,-4.0,-5.0,16.98
2021-12-01,PHILLY_FED,17.1,-1.382,MISS,REFLATION,HIGH,1.0,9.0,9.0,-6.0,-3.0,7.0,12.0,64.06
2022-01-01,PHILLY_FED,18.3,-1.194,MISS,REFLATION,HIGH,11.0,24.0,29.0,6.0,10.0,5.0,14.0,30.38
2022-02-01,PHILLY_FED,15.9,-1.21,MISS,REFLATION,MEDIUM,-3.0,15.0,5.0,-1.0,-2.0,-2.0,17.0,42.84
2022-03-01,PHILLY_FED,20.8,-0.302,INLINE,REFLATION,HIGH,14.0,14.0,63.0,-5.0,-18.0,19.0,32.0,80.28
2022-04-01,PHILLY_FED,16.8,-0.486,INLINE,REFLATION,HIGH,3.0,33.0,58.0,4.0,24.0,-1.0,9.0,36.78
2022-05-01,PHILLY_FED,4.7,-1.464,MISS,REFLATION,HIGH,10.0,23.0,-4.0,7.0,21.0,3.0,2.0,23.45
2022-06-01,PHILLY_FED,-1.9,-1.68,MISS,REFLATION,HIGH,-2.0,9.0,-6.0,-1.0,-3.0,-1.0,12.0,75.59
2022-07-01,PHILLY_FED,-8.1,-1.824,MISS,REFLATION,HIGH,-6.0,11.0,-13.0,-4.0,-12.0,-2.0,23.0,6.06
2022-08-01,PHILLY_FED,4.1,-0.894,MISS,REFLATION,HIGH,15.0,17.0,51.0,-1.0,-14.0,16.0,31.0,-27.44
2022-09-01,PHILLY_FED,-8.3,-1.662,MISS,REFLATION,HIGH,-6.0,7.0,41.0,5.0,2.0,-11.0,5.0,-42.59
2022-10-01,PHILLY_FED,-11.5,-1.367,MISS,REFLATION,HIGH,-16.0,6.0,24.0,-6.0,-2.0,-10.0,8.0,92.81
2022-11-01,PHILLY_FED,-13.4,-1.378,MISS,REFLATION,HIGH,3.0,7.0,-56.0,-4.0,-6.0,7.0,13.0,-96.41
2022-12-01,PHILLY_FED,-11.4,-0.96,MISS,REFLATION,MEDIUM,-2.0,-5.0,26.0,-5.0,-11.0,3.0,6.0,-4.87
2023-01-01,PHILLY_FED,-12.4,-0.589,MISS,REFLATION,HIGH,-9.0,-35.0,-49.0,-8.0,-13.0,-1.0,-22.0,-15.36
2023-02-01,PHILLY_FED,-22.2,-1.086,MISS,REFLATION,HIGH,1.0,24.0,58.0,1.0,-12.0,0.0,36.0,60.55
2023-03-01,PHILLY_FED,-25.0,-1.289,MISS,REFLATION,HIGH,7.0,-3.0,-46.0,7.0,-19.0,0.0,16.0,29.96
2023-04-01,PHILLY_FED,-25.5,-1.397,MISS,REFLATION,HIGH,-5.0,-9.0,11.0,4.0,-0.0,-9.0,-9.0,15.2
2023-05-01,PHILLY_FED,-8.1,0.378,INLINE,REFLATION,HIGH,-15.0,-7.0,5.0,2.0,7.0,-17.0,-14.0,-48.29
2023-06-01,PHILLY_FED,-12.1,-0.036,INLINE,REFLATION,MEDIUM,8.0,12.0,25.0,-9.0,-7.0,17.0,19.0,61.35
2023-07-01,PHILLY_FED,-16.1,-0.471,INLINE,REFLATION,HIGH,5.0,20.0,24.0,-2.0,22.0,7.0,-2.0,5.21
2023-08-01,PHILLY_FED,10.5,2.387,BEAT,REFLATION,HIGH,3.0,-3.0,7.0,7.0,15.0,-4.0,-18.0,-63.34
2023-09-01,PHILLY_FED,-15.2,-0.244,INLINE,REFLATION,MEDIUM,9.0,11.0,63.0,2.0,1.0,7.0,10.0,-18.94
2023-10-01,PHILLY_FED,-14.6,-0.064,INLINE,REFLATION,MEDIUM,10.0,19.0,29.0,1.0,14.0,9.0,5.0,0.34
2023-11-01,PHILLY_FED,-3.9,0.976,BEAT,REFLATION,MEDIUM,-10.0,-28.0,-55.0,-13.0,-26.0,3.0,-2.0,79.92
2023-12-01,PHILLY_FED,-7.2,0.632,BEAT,REFLATION,MEDIUM,6.0,1.0,-31.0,-2.0,-14.0,8.0,15.0,-24.85
2024-01-01,PHILLY_FED,-14.7,-0.005,INLINE,REFLATION,LOW,7.0,13.0,11.0,-3.0,0.0,10.0,13.0,-27.0
2024-02-01,PHILLY_FED,-1.0,1.228,BEAT,STAGFLATION_RISK,LOW,16.0,28.0,35.0,0.0,2.0,16.0,26.0,52.42
2024-03-01,PHILLY_FED,1.8,1.233,BEAT,STAGFLATION_RISK,LOW,3.0,-10.0,17.0,-4.0,-4.0,7.0,-6.0,-6.13
2024-04-01,PHILLY_FED,17.6,2.33,BEAT,REFLATION,LOW,3.0,9.0,36.0,5.0,3.0,-2.0,6.0,-37.96
2024-05-01,PHILLY_FED,7.5,1.146,BEAT,REFLATION,LOW,-5.0,-15.0,-12.0,4.0,-3.0,-9.0,-12.0,45.81
2024-06-01,PHILLY_FED,2.9,0.476,INLINE,REFLATION,LOW,-10.0,-8.0,-8.0,-3.0,-6.0,-7.0,-2.0,5.89
2024-07-01,PHILLY_FED,9.9,0.87,BEAT,STAGFLATION_RISK,LOW,-5.0,-18.0,-39.0,-2.0,-3.0,-3.0,-15.0,33.92
2024-08-01,PHILLY_FED,-3.0,-0.097,INLINE,STAGFLATION_RISK,LOW,-19.0,0.0,-8.0,9.0,12.0,-28.0,-12.0,-100.12
2024-09-01,PHILLY_FED,-1.6,-0.032,INLINE,REFLATION,LOW,-7.0,-21.0,-17.0,-4.0,2.0,-3.0,-23.0,-119.47
2024-10-01,PHILLY_FED,7.6,0.84,BEAT,STAGFLATION_RISK,LOW,5.0,30.0,54.0,3.0,-7.0,2.0,37.0,0.79
2024-11-01,PHILLY_FED,-1.5,-0.224,INLINE,REFLATION,LOW,-6.0,-7.0,-18.0,-2.0,-12.0,-4.0,5.0,-16.11
2024-12-01,PHILLY_FED,-9.6,-1.147,MISS,REFLATION,LOW,1.0,-3.0,40.0,-3.0,0.0,4.0,-3.0,14.77
2025-01-01,PHILLY_FED,32.9,2.721,BEAT,STAGFLATION_RISK,LOW,-1.0,9.0,0.0,-1.0,6.0,0.0,3.0,-13.08
2025-02-01,PHILLY_FED,13.4,0.728,BEAT,STAGFLATION_RISK,LOW,-4.0,-9.0,-36.0,-8.0,-16.0,4.0,7.0,-45.96
2025-03-01,PHILLY_FED,10.2,0.236,INLINE,STAGFLATION_RISK,LOW,-8.0,8.0,-1.0,-5.0,8.0,-3.0,0.0,-104.78
2025-04-01,PHILLY_FED,-12.9,-1.501,MISS,REFLATION,LOW,3.0,9.0,8.0,-1.0,25.0,4.0,-16.0,37.9
2025-05-01,PHILLY_FED,-0.7,-0.149,INLINE,REFLATION,LOW,8.0,12.0,21.0,-5.0,-8.0,13.0,20.0,82.53
2025-06-01,PHILLY_FED,-1.4,-0.029,INLINE,REFLATION,LOW,5.0,10.0,-15.0,0.0,-5.0,5.0,15.0,24.25
2025-07-01,PHILLY_FED,11.4,1.013,BEAT,REFLATION,LOW,4.0,8.0,11.0,4.0,0.0,0.0,8.0,29.41
2025-08-01,PHILLY_FED,0.7,0.058,INLINE,REFLATION,LOW,-1.0,4.0,5.0,-1.0,-3.0,0.0,7.0,91.93
2025-09-01,PHILLY_FED,19.5,1.202,BEAT,REFLATION,LOW,5.0,-18.0,-7.0,-2.0,-8.0,7.0,-10.0,-44.72
2025-10-01,PHILLY_FED,-10.1,-0.746,MISS,STAGFLATION_RISK,MEDIUM,-2.0,1.0,-1.0,-2.0,-2.0,0.0,3.0,4.15
2025-11-01,PHILLY_FED,0.6,-0.004,INLINE,STAGFLATION_RISK,LOW,2.0,0.0,-5.0,2.0,5.0,0.0,-5.0,11.77
2025-12-01,PHILLY_FED,-8.8,-0.705,MISS,STAGFLATION_RISK,LOW,0.0,8.0,9.0,3.0,5.0,-3.0,3.0,16.74
2026-01-01,PHILLY_FED,12.6,1.143,BEAT,REFLATION,LOW,1.0,1.0,11.0,1.0,-1.0,0.0,2.0,12.97
2026-02-01,PHILLY_FED,16.3,1.456,BEAT,STAGFLATION_RISK,LOW,3.0,-4.0,-20.0,-2.0,-2.0,5.0,-2.0,37.41
2026-03-01,PHILLY_FED,18.1,1.525,BEAT,REFLATION,LOW,8.0,18.0,38.0,-1.0,0.0,9.0,18.0,2.74
2026-04-01,PHILLY_FED,26.7,1.736,BEAT,REFLATION,LOW,-2.0,-4.0,,-0.0,-2.0,-2.0,-2.0,7.37
2005-01-01,GDP_QOQ,4.5,,UNKNOWN,GOLDILOCKS,MEDIUM,-1.0,5.0,-9.0,-3.0,-7.0,2.0,12.0,
2005-04-01,GDP_QOQ,2.0,-1.441,MISS,GOLDILOCKS,LOW,1.0,4.0,-25.0,2.0,2.0,-1.0,2.0,
2005-07-01,GDP_QOQ,3.2,0.0,INLINE,GOLDILOCKS,MEDIUM,5.0,5.0,28.0,2.0,0.0,3.0,5.0,
2005-10-01,GDP_QOQ,2.2,-1.018,MISS,GOLDILOCKS,LOW,5.0,1.0,24.0,2.0,1.0,3.0,0.0,
2006-01-01,GDP_QOQ,5.5,1.961,BEAT,GOLDILOCKS,HIGH,-2.0,-1.0,18.0,5.0,4.0,-7.0,-5.0,
2006-04-01,GDP_QOQ,1.0,-1.6,MISS,GOLDILOCKS,LOW,2.0,11.0,26.0,-2.0,4.0,4.0,7.0,
2006-07-01,GDP_QOQ,0.6,-1.676,MISS,REFLATION,LOW,0.0,-2.0,-16.0,-1.0,-3.0,1.0,1.0,
2006-10-01,GDP_QOQ,3.5,0.245,INLINE,REFLATION,LOW,-2.0,6.0,-3.0,3.0,3.0,-5.0,3.0,
2007-01-01,GDP_QOQ,1.2,-1.29,MISS,GOLDILOCKS,LOW,-3.0,-5.0,12.0,-1.0,-1.0,-2.0,-4.0,
2007-04-01,GDP_QOQ,2.5,-0.231,INLINE,GOLDILOCKS,LOW,0.0,11.0,-2.0,-2.0,-6.0,2.0,17.0,
2007-07-01,GDP_QOQ,2.3,-0.067,INLINE,DEFLATION_RISK,LOW,-3.0,13.0,-25.0,-2.0,3.0,-1.0,10.0,
2007-10-01,GDP_QOQ,2.5,0.07,INLINE,GOLDILOCKS,LOW,-2.0,11.0,-8.0,2.0,-2.0,-4.0,13.0,
2008-01-01,GDP_QOQ,-1.7,-2.253,MISS,DEFLATION_RISK,MEDIUM,-13.0,-18.0,-37.0,4.0,11.0,-17.0,-29.0,
2008-04-01,GDP_QOQ,2.4,0.028,INLINE,DEFLATION_RISK,MEDIUM,3.0,1.0,20.0,-5.0,-6.0,8.0,7.0,
2008-07-01,GDP_QOQ,-2.1,-2.083,MISS,DEFLATION_RISK,HIGH,-2.0,-16.0,-2.0,1.0,6.0,-3.0,-22.0,
2008-10-01,GDP_QOQ,-8.5,-2.859,MISS,DEFLATION_RISK,HIGH,-11.0,-5.0,24.0,9.0,12.0,-20.0,-17.0,
2009-01-01,GDP_QOQ,-4.5,-1.579,MISS,DEFLATION_RISK,HIGH,21.0,22.0,51.0,9.0,15.0,12.0,7.0,
2009-04-01,GDP_QOQ,-0.7,-0.453,INLINE,DEFLATION_RISK,HIGH,9.0,18.0,53.0,4.0,8.0,5.0,10.0,
2009-07-01,GDP_QOQ,1.4,0.028,INLINE,DEFLATION_RISK,HIGH,-4.0,-11.0,-3.0,3.0,0.0,-7.0,-11.0,
2009-10-01,GDP_QOQ,4.4,0.849,BEAT,DEFLATION_RISK,MEDIUM,3.0,6.0,24.0,2.0,3.0,1.0,3.0,
2010-01-01,GDP_QOQ,1.9,0.068,INLINE,GOLDILOCKS,MEDIUM,0.0,-2.0,-18.0,5.0,16.0,-5.0,-18.0,
2010-04-01,GDP_QOQ,3.9,0.594,BEAT,GOLDILOCKS,HIGH,7.0,2.0,-20.0,1.0,-2.0,6.0,4.0,
2010-07-01,GDP_QOQ,3.1,0.378,INLINE,GOLDILOCKS,HIGH,4.0,11.0,3.0,4.0,11.0,0.0,0.0,
2010-10-01,GDP_QOQ,2.1,0.118,INLINE,GOLDILOCKS,HIGH,-4.0,-13.0,9.0,-3.0,-6.0,-1.0,-7.0,
2011-01-01,GDP_QOQ,-0.9,-0.674,MISS,DEFLATION_RISK,MEDIUM,6.0,4.0,18.0,6.0,5.0,0.0,-1.0,
2011-04-01,GDP_QOQ,2.7,0.276,INLINE,GOLDILOCKS,MEDIUM,-1.0,13.0,-18.0,2.0,10.0,-3.0,3.0,
2011-07-01,GDP_QOQ,-0.1,-0.469,INLINE,DEFLATION_RISK,MEDIUM,-6.0,-28.0,-56.0,0.0,-15.0,-6.0,-13.0,
2011-10-01,GDP_QOQ,4.6,0.98,BEAT,GOLDILOCKS,HIGH,-12.0,18.0,9.0,-11.0,13.0,-1.0,5.0,
2012-01-01,GDP_QOQ,3.4,0.524,BEAT,GOLDILOCKS,HIGH,8.0,9.0,-2.0,6.0,8.0,2.0,1.0,
2012-04-01,GDP_QOQ,1.8,-0.355,INLINE,GOLDILOCKS,LOW,-1.0,-16.0,-28.0,-1.0,-15.0,0.0,-1.0,
2012-07-01,GDP_QOQ,0.6,-1.03,MISS,DEFLATION_RISK,MEDIUM,-6.0,-14.0,-16.0,-3.0,-8.0,-3.0,-6.0,
2012-10-01,GDP_QOQ,0.5,-0.892,MISS,GOLDILOCKS,MEDIUM,0.0,10.0,11.0,2.0,10.0,-2.0,0.0,
2013-01-01,GDP_QOQ,4.0,0.899,BEAT,GOLDILOCKS,MEDIUM,8.0,11.0,24.0,6.0,11.0,2.0,0.0,
2013-04-01,GDP_QOQ,1.1,-0.497,INLINE,GOLDILOCKS,MEDIUM,2.0,-10.0,-16.0,-0.0,-11.0,2.0,1.0,
2013-07-01,GDP_QOQ,3.5,0.891,BEAT,GOLDILOCKS,MEDIUM,-2.0,15.0,10.0,-2.0,12.0,0.0,3.0,
2013-10-01,GDP_QOQ,3.5,0.695,BEAT,GOLDILOCKS,HIGH,-3.0,0.0,-9.0,-1.0,-7.0,-2.0,7.0,
2014-01-01,GDP_QOQ,-1.4,-1.945,MISS,GOLDILOCKS,MEDIUM,-4.0,-3.0,-37.0,-5.0,-8.0,1.0,5.0,
2014-04-01,GDP_QOQ,5.3,1.286,BEAT,GOLDILOCKS,HIGH,5.0,-8.0,-14.0,2.0,-4.0,3.0,-4.0,
2014-07-01,GDP_QOQ,5.0,0.738,BEAT,GOLDILOCKS,HIGH,6.0,-1.0,0.0,4.0,-5.0,2.0,4.0,
2014-10-01,GDP_QOQ,2.0,-0.348,INLINE,GOLDILOCKS,HIGH,2.0,-7.0,-7.0,2.0,0.0,0.0,-7.0,
2015-01-01,GDP_QOQ,3.6,0.42,INLINE,GOLDILOCKS,HIGH,-5.0,-14.0,-49.0,-4.0,-9.0,-1.0,-5.0,
2015-04-01,GDP_QOQ,2.5,-0.248,INLINE,GOLDILOCKS,HIGH,5.0,5.0,18.0,5.0,6.0,0.0,-1.0,
2015-07-01,GDP_QOQ,1.6,-0.719,MISS,GOLDILOCKS,MEDIUM,-3.0,-11.0,-23.0,2.0,-2.0,-5.0,-9.0,
2015-10-01,GDP_QOQ,0.7,-1.193,MISS,GOLDILOCKS,MEDIUM,-6.0,7.0,15.0,0.0,6.0,-6.0,1.0,
2016-01-01,GDP_QOQ,2.3,-0.053,INLINE,GOLDILOCKS,MEDIUM,-3.0,-14.0,-40.0,1.0,-2.0,-4.0,-12.0,
2016-04-01,GDP_QOQ,1.3,-0.59,MISS,DEFLATION_RISK,MEDIUM,-1.0,-7.0,9.0,0.0,-1.0,-1.0,-6.0,
2016-07-01,GDP_QOQ,2.9,0.271,INLINE,GOLDILOCKS,HIGH,-9.0,-3.0,9.0,-6.0,-10.0,-3.0,7.0,-14.4
2016-10-01,GDP_QOQ,2.2,-0.028,INLINE,GOLDILOCKS,MEDIUM,3.0,13.0,23.0,-0.0,7.0,3.0,6.0,-7.07
2017-01-01,GDP_QOQ,2.0,-0.179,INLINE,GOLDILOCKS,MEDIUM,0.0,-7.0,3.0,-2.0,-8.0,2.0,1.0,19.0
2017-04-01,GDP_QOQ,2.3,0.045,INLINE,GOLDILOCKS,MEDIUM,-5.0,-2.0,-11.0,-2.0,-4.0,-3.0,2.0,-3.88
2017-07-01,GDP_QOQ,3.2,1.186,BEAT,GOLDILOCKS,HIGH,4.0,7.0,-5.0,1.0,5.0,3.0,2.0,5.6
2017-10-01,GDP_QOQ,4.6,2.191,BEAT,GOLDILOCKS,HIGH,1.0,4.0,5.0,-1.0,-3.0,2.0,7.0,9.76
2018-01-01,GDP_QOQ,3.3,0.978,BEAT,GOLDILOCKS,MEDIUM,6.0,9.0,32.0,3.0,2.0,3.0,7.0,22.2
2018-04-01,GDP_QOQ,2.1,-0.146,INLINE,GOLDILOCKS,MEDIUM,-1.0,3.0,21.0,1.0,3.0,-2.0,0.0,-58.99
2018-07-01,GDP_QOQ,2.5,0.201,INLINE,GOLDILOCKS,MEDIUM,2.0,1.0,11.0,-3.0,-4.0,5.0,5.0,8.34
2018-10-01,GDP_QOQ,0.6,-1.678,MISS,GOLDILOCKS,LOW,-4.0,12.0,6.0,-4.0,6.0,0.0,6.0,-1.16
2019-01-01,GDP_QOQ,2.5,0.099,INLINE,GOLDILOCKS,MEDIUM,-3.0,4.0,-6.0,-5.0,-6.0,2.0,10.0,3.18
2019-04-01,GDP_QOQ,3.4,0.924,BEAT,GOLDILOCKS,MEDIUM,-1.0,3.0,3.0,2.0,0.0,-3.0,3.0,0.05
2019-07-01,GDP_QOQ,4.8,1.985,BEAT,GOLDILOCKS,MEDIUM,-5.0,4.0,-1.0,-4.0,-10.0,-1.0,14.0,8.68
2019-10-01,GDP_QOQ,2.8,0.131,INLINE,GOLDILOCKS,MEDIUM,-5.0,-11.0,4.0,3.0,3.0,-8.0,-14.0,-52.64
2020-01-01,GDP_QOQ,-5.2,-3.026,MISS,DEFLATION_RISK,MEDIUM,-4.0,-5.0,-41.0,-4.0,-5.0,0.0,0.0,27.07
2020-04-01,GDP_QOQ,-28.0,-3.366,MISS,DEFLATION_RISK,HIGH,1.0,15.0,2.0,1.0,11.0,0.0,4.0,56.4
2020-07-01,GDP_QOQ,34.9,2.36,BEAT,GOLDILOCKS,HIGH,-1.0,-7.0,-14.0,0.0,-6.0,-1.0,-1.0,14.15
2020-10-01,GDP_QOQ,4.6,0.143,INLINE,GOLDILOCKS,HIGH,2.0,10.0,19.0,3.0,11.0,-1.0,-1.0,-32.36
2021-01-01,GDP_QOQ,5.7,0.223,INLINE,GOLDILOCKS,HIGH,0.0,20.0,19.0,2.0,19.0,-2.0,1.0,-55.42
2021-04-01,GDP_QOQ,7.0,0.284,INLINE,REFLATION,MEDIUM,3.0,-5.0,-4.0,1.0,-2.0,2.0,-3.0,58.04
2021-07-01,GDP_QOQ,3.3,-0.004,INLINE,REFLATION,HIGH,-4.0,-11.0,-28.0,-3.0,-9.0,-1.0,-2.0,32.4
2021-10-01,GDP_QOQ,7.0,0.218,INLINE,REFLATION,HIGH,1.0,13.0,8.0,1.0,8.0,0.0,5.0,-56.58
2022-01-01,GDP_QOQ,-1.0,-0.361,INLINE,REFLATION,HIGH,11.0,24.0,29.0,6.0,10.0,5.0,14.0,30.38
2022-04-01,GDP_QOQ,0.6,-0.242,INLINE,REFLATION,HIGH,3.0,33.0,58.0,4.0,24.0,-1.0,9.0,36.78
2022-07-01,GDP_QOQ,2.9,-0.014,INLINE,REFLATION,HIGH,-6.0,11.0,-13.0,-4.0,-12.0,-2.0,23.0,6.06
2022-10-01,GDP_QOQ,2.8,-0.022,INLINE,REFLATION,HIGH,-16.0,6.0,24.0,-6.0,-2.0,-10.0,8.0,92.81
2023-01-01,GDP_QOQ,2.9,-0.015,INLINE,REFLATION,HIGH,-9.0,-35.0,-49.0,-8.0,-13.0,-1.0,-22.0,-15.36
2023-04-01,GDP_QOQ,2.5,-0.064,INLINE,REFLATION,HIGH,-5.0,-9.0,11.0,4.0,-0.0,-9.0,-9.0,15.2
2023-07-01,GDP_QOQ,4.7,0.67,BEAT,REFLATION,HIGH,5.0,20.0,24.0,-2.0,22.0,7.0,-2.0,5.21
2023-10-01,GDP_QOQ,3.4,0.127,INLINE,REFLATION,MEDIUM,10.0,19.0,29.0,1.0,14.0,9.0,5.0,0.34
2024-01-01,GDP_QOQ,0.8,-0.885,MISS,REFLATION,LOW,7.0,13.0,11.0,-3.0,0.0,10.0,13.0,-27.0
2024-04-01,GDP_QOQ,3.6,0.343,INLINE,REFLATION,LOW,3.0,9.0,36.0,5.0,3.0,-2.0,6.0,-37.96
2024-07-01,GDP_QOQ,3.3,0.196,INLINE,STAGFLATION_RISK,LOW,-5.0,-18.0,-39.0,-2.0,-3.0,-3.0,-15.0,33.92
2024-10-01,GDP_QOQ,1.9,-0.609,MISS,STAGFLATION_RISK,LOW,5.0,30.0,54.0,3.0,-7.0,2.0,37.0,0.79
2025-01-01,GDP_QOQ,-0.6,-2.323,MISS,STAGFLATION_RISK,LOW,-1.0,9.0,0.0,-1.0,6.0,0.0,3.0,-13.08
2025-04-01,GDP_QOQ,3.8,0.635,BEAT,REFLATION,LOW,3.0,9.0,8.0,-1.0,25.0,4.0,-16.0,37.9
2025-07-01,GDP_QOQ,4.4,0.864,BEAT,REFLATION,LOW,4.0,8.0,11.0,4.0,0.0,0.0,8.0,29.41
2025-10-01,GDP_QOQ,0.5,-1.582,MISS,STAGFLATION_RISK,MEDIUM,-2.0,1.0,-1.0,-2.0,-2.0,0.0,3.0,4.15
