date,regime,growth_score,inflation_score,confidence,transition_warning,cfnai,gdp_qoq,unemployment,unemp_3m_chg,core_pce_yoy,core_cpi_yoy,breakeven_10y,wages_yoy,credit_spread,vix,oil_3m_chg_pct,spread_2s10s,yield_curve_inverted
2000-01-01,REFLATION,0.057,0.0,LOW,False,0.37,1.5,4.0,,,,,,,,,,False
2000-02-01,REFLATION,0.088,0.0,LOW,False,0.18,1.5,4.1,,,,,,,23.45,3.9,-0.08,True
2000-03-01,REFLATION,0.14,0.0,LOW,False,0.12,1.5,4.0,,,,,,,21.64,4.5,-0.26,True
2000-04-01,REFLATION,0.536,0.0,MEDIUM,False,0.21,7.5,3.8,-0.2,,,,,,24.11,-0.9,-0.51,True
2000-05-01,REFLATION,0.485,0.0,MEDIUM,True,0.17,7.5,4.0,-0.1,,,,,,25.88,4.7,-0.29,True
2000-06-01,REFLATION,0.234,0.0,LOW,False,0.06,7.5,4.0,0.0,,,,,,22.36,1.4,-0.51,True
2000-07-01,STAGFLATION_RISK,-0.135,0.0,LOW,False,-0.17,0.4,4.0,0.2,,,,,,19.54,1.3,-0.33,True
2000-08-01,STAGFLATION_RISK,-0.217,0.0,LOW,False,-0.18,0.4,4.1,0.1,,,,,,20.55,-1.3,-0.44,True
2000-09-01,STAGFLATION_RISK,-0.043,0.0,LOW,False,-0.1,0.4,3.9,-0.1,,,,,,17.53,2.1,-0.29,True
2000-10-01,REFLATION,0.039,0.0,LOW,False,-0.17,2.4,3.9,-0.1,,,,,,20.57,-2.9,-0.24,True
2000-11-01,REFLATION,0.218,0.0,LOW,False,-0.17,2.4,3.9,-0.2,,,,,,24.28,1.1,-0.16,True
2000-12-01,REFLATION,0.052,0.0,LOW,True,-0.38,2.4,3.9,0.0,,,,,,27.48,-5.8,-0.38,True
2001-01-01,DEFLATION_RISK,-0.494,-0.091,MEDIUM,True,-0.43,-1.3,4.2,0.3,2.01,2.57,,,,26.85,-1.0,0.05,False
2001-02-01,DEFLATION_RISK,-0.44,-0.057,MEDIUM,False,-0.5,-1.3,4.2,0.3,2.04,2.79,,,,21.66,2.8,0.55,False
2001-03-01,DEFLATION_RISK,-0.608,-0.1,MEDIUM,True,-0.64,-1.3,4.3,0.4,1.93,2.61,,,,28.08,-1.7,0.48,False
2001-04-01,DEFLATION_RISK,-0.378,-0.074,MEDIUM,True,-0.71,2.5,4.4,0.2,2.03,2.66,,,,28.64,-4.5,0.96,False
2001-05-01,DEFLATION_RISK,-0.214,-0.106,LOW,False,-0.67,2.5,4.3,0.1,1.94,2.55,,,,24.2,-0.4,1.16,False
2001-06-01,DEFLATION_RISK,-0.317,-0.056,LOW,False,-0.74,2.5,4.5,0.2,2.09,2.71,,,,21.59,-3.1,1.06,False
2001-07-01,DEFLATION_RISK,-0.591,-0.051,MEDIUM,False,-0.62,-1.6,4.6,0.2,2.12,2.7,,,,19.06,-2.2,0.99,False
2001-08-01,DEFLATION_RISK,-0.729,-0.074,HIGH,False,-0.62,-1.6,4.9,0.6,2.04,2.64,,,,20.56,-0.6,1.14,False
2001-09-01,DEFLATION_RISK,-0.784,-0.24,HIGH,False,-0.69,-1.6,5.0,0.5,1.22,2.63,,,,24.92,-1.9,1.09,False
2001-10-01,DEFLATION_RISK,-0.58,-0.126,MEDIUM,True,-0.58,1.1,5.3,0.7,1.79,2.63,,,,32.32,3.2,1.75,False
2001-11-01,DEFLATION_RISK,-0.612,-0.108,MEDIUM,True,-0.7,1.1,5.5,0.6,1.81,2.73,,,,32.31,-7.4,2.16,False
2001-12-01,DEFLATION_RISK,-0.51,-0.117,MEDIUM,False,-0.43,1.1,5.7,0.7,1.74,2.78,,,,23.84,-0.6,2.25,False
2002-01-01,DEFLATION_RISK,-0.24,-0.203,MEDIUM,False,-0.39,3.4,5.7,0.4,1.42,2.61,,,,23.8,-6.4,1.97,False
2002-02-01,DEFLATION_RISK,-0.095,-0.207,LOW,False,-0.15,3.4,5.7,0.2,1.43,2.55,,,,21.12,5.7,1.83,False
2002-03-01,GOLDILOCKS,0.089,-0.218,LOW,False,-0.06,3.4,5.7,0.0,1.45,2.44,,,,19.96,4.7,2.1,False
2002-04-01,DEFLATION_RISK,-0.115,-0.188,LOW,False,0.01,2.5,5.9,0.2,1.57,2.49,,,,18.73,4.2,1.47,False
2002-05-01,GOLDILOCKS,0.03,-0.164,LOW,False,0.06,2.5,5.8,0.1,1.66,2.54,,,,20.06,-2.0,1.95,False
2002-06-01,GOLDILOCKS,0.079,-0.212,LOW,False,0.17,2.5,5.8,0.1,1.59,2.26,,,,19.98,1.2,1.71,False
2002-07-01,DEFLATION_RISK,-0.053,-0.23,LOW,True,0.03,1.6,5.8,-0.1,1.54,2.2,,,,27.11,0.4,1.77,False
2002-08-01,GOLDILOCKS,0.002,-0.18,LOW,True,-0.01,1.6,5.7,-0.1,1.69,2.36,,,,36.95,-0.1,2.11,False
2002-09-01,DEFLATION_RISK,-0.111,-0.045,LOW,True,-0.22,1.6,5.7,-0.1,2.44,2.24,,,,32.64,0.5,1.73,False
2002-10-01,DEFLATION_RISK,-0.065,-0.178,LOW,True,-0.25,0.5,5.7,-0.1,1.81,2.19,,,,34.12,1.3,2.14,False
2002-11-01,DEFLATION_RISK,-0.254,-0.22,MEDIUM,True,-0.18,0.5,5.9,0.2,1.7,2.02,,,,29.3,0.9,2.29,False
2002-12-01,DEFLATION_RISK,-0.43,-0.213,MEDIUM,True,-0.27,0.5,6.0,0.3,1.77,1.96,,,,27.5,-3.1,1.95,False
2003-01-01,GOLDILOCKS,0.044,-0.211,LOW,True,-0.02,2.1,5.8,0.1,1.78,1.96,,,,28.62,-4.3,2.44,False
2003-02-01,DEFLATION_RISK,-0.149,-0.38,MEDIUM,True,-0.22,2.1,5.9,0.0,1.73,1.8,1.81,,,31.17,2.5,2.18,False
2003-03-01,DEFLATION_RISK,-0.123,-0.353,MEDIUM,True,-0.08,2.1,5.9,-0.1,1.77,1.74,1.94,,,29.63,1.9,2.28,False
2003-04-01,DEFLATION_RISK,-0.108,-0.444,MEDIUM,True,-0.43,3.6,6.0,0.2,1.6,1.48,1.82,,,28.36,-2.7,2.46,False
2003-05-01,DEFLATION_RISK,-0.001,-0.445,MEDIUM,False,-0.27,3.6,6.1,0.2,1.63,1.53,1.75,,,21.59,3.2,2.07,False
2003-06-01,DEFLATION_RISK,-0.078,-0.503,MEDIUM,False,-0.16,3.6,6.3,0.4,1.53,1.47,1.6,,,19.47,1.1,2.0,False
2003-07-01,GOLDILOCKS,0.19,-0.479,MEDIUM,False,0.08,6.8,6.2,0.2,1.57,1.52,1.64,,,19.46,5.0,2.68,False
2003-08-01,GOLDILOCKS,0.235,-0.443,MEDIUM,False,0.03,6.8,6.1,0.0,1.49,1.31,2.04,,,20.75,6.7,2.6,False
2003-09-01,GOLDILOCKS,0.431,-0.431,HIGH,False,0.1,6.8,6.1,-0.2,1.46,1.25,2.16,,,18.63,-0.8,2.32,False
2003-10-01,GOLDILOCKS,0.475,-0.436,HIGH,False,0.11,4.7,6.0,-0.2,1.57,1.31,2.0,,,21.07,4.3,2.82,False
2003-11-01,GOLDILOCKS,0.461,-0.375,HIGH,False,0.32,4.7,5.8,-0.3,1.61,1.09,2.4,,,16.1,-1.1,2.45,False
2003-12-01,GOLDILOCKS,0.525,-0.384,HIGH,False,0.22,4.7,5.7,-0.4,1.64,1.09,2.32,,,16.77,-0.3,2.15,False
2004-01-01,GOLDILOCKS,0.321,-0.35,MEDIUM,False,0.19,2.3,5.7,-0.3,1.83,1.14,2.27,,,18.31,-1.5,2.31,False
2004-02-01,GOLDILOCKS,0.202,-0.324,MEDIUM,False,0.18,2.3,5.6,-0.2,1.85,1.25,2.31,,,16.63,-2.4,2.24,False
2004-03-01,GOLDILOCKS,0.228,-0.256,MEDIUM,False,0.35,2.3,5.8,0.1,1.86,1.56,2.45,,,14.44,-1.2,2.16,False
2004-04-01,GOLDILOCKS,0.378,-0.203,MEDIUM,False,0.36,3.1,5.6,-0.1,2.01,1.77,2.43,,,16.65,-2.7,2.7,False
2004-05-01,GOLDILOCKS,0.346,-0.214,MEDIUM,False,0.39,3.1,5.6,0.0,2.01,1.71,2.42,,,17.19,-0.5,2.41,False
2004-06-01,GOLDILOCKS,0.276,-0.109,LOW,False,0.12,3.1,5.6,-0.2,2.11,1.87,2.74,,,16.3,4.3,2.13,False
2004-07-01,GOLDILOCKS,0.302,-0.192,MEDIUM,False,0.25,3.8,5.5,-0.1,1.98,1.76,2.53,,,15.2,6.4,1.86,False
2004-08-01,GOLDILOCKS,0.336,-0.221,MEDIUM,False,0.16,3.8,5.4,-0.2,1.9,1.7,2.49,,,15.32,4.5,1.6,False
2004-09-01,GOLDILOCKS,0.425,-0.205,MEDIUM,False,0.31,3.8,5.4,-0.2,1.95,1.96,2.36,,,14.91,1.8,1.72,False
2004-10-01,GOLDILOCKS,0.405,-0.189,MEDIUM,False,0.3,4.1,5.5,0.0,1.98,2.01,2.38,,,12.75,0.8,1.47,False
2004-11-01,GOLDILOCKS,0.289,-0.135,MEDIUM,False,0.22,4.1,5.4,0.0,2.06,2.22,2.44,,,16.27,-4.6,1.58,False
2004-12-01,GOLDILOCKS,0.388,-0.098,MEDIUM,False,0.44,4.1,5.4,0.0,2.07,2.27,2.59,,,12.97,-7.3,1.22,False
2005-01-01,GOLDILOCKS,0.498,-0.084,MEDIUM,False,0.36,4.5,5.3,-0.2,2.17,2.26,2.56,,,13.29,5.1,1.14,False
2005-02-01,GOLDILOCKS,0.486,-0.093,MEDIUM,False,0.48,4.5,5.4,0.0,2.18,2.31,2.48,,,12.03,-3.5,0.88,False
2005-03-01,GOLDILOCKS,0.405,-0.029,MEDIUM,False,0.1,4.5,5.2,-0.2,2.26,2.35,2.69,,,12.04,-0.7,0.91,False
2005-04-01,GOLDILOCKS,0.251,-0.079,LOW,False,0.23,2.0,5.2,-0.1,2.11,2.19,2.69,,,14.09,5.5,0.59,False
2005-05-01,GOLDILOCKS,0.271,-0.083,LOW,False,0.09,2.0,5.1,-0.3,2.18,2.19,2.6,,,15.31,-9.4,0.48,False
2005-06-01,GOLDILOCKS,0.315,-0.167,MEDIUM,False,0.32,2.0,5.0,-0.2,2.09,2.03,2.37,,,12.36,6.9,0.5,False
2005-07-01,GOLDILOCKS,0.359,-0.167,MEDIUM,False,0.11,3.2,5.0,-0.2,2.11,2.08,2.31,,,11.4,1.4,0.42,False
2005-08-01,GOLDILOCKS,0.381,-0.14,MEDIUM,False,0.19,3.2,4.9,-0.2,2.16,2.13,2.37,,,12.08,4.0,0.22,False
2005-09-01,GOLDILOCKS,0.098,-0.151,LOW,False,-0.15,3.2,5.0,0.0,2.19,1.92,2.41,,,13.15,3.1,0.48,False
2005-10-01,GOLDILOCKS,0.105,-0.088,LOW,False,0.08,2.2,5.0,0.0,2.27,2.07,2.56,,,11.92,2.0,0.28,False
2005-11-01,GOLDILOCKS,0.196,-0.071,LOW,False,0.26,2.2,5.0,0.1,2.31,2.12,2.58,,,14.85,-1.9,0.12,False
2005-12-01,GOLDILOCKS,0.333,-0.118,MEDIUM,False,0.58,2.2,4.9,-0.1,2.28,2.11,2.37,,,11.24,1.9,0.02,False
2006-01-01,GOLDILOCKS,0.659,-0.154,HIGH,False,0.52,5.5,4.7,-0.3,2.14,2.11,2.33,,,12.07,5.0,0.01,False
2006-02-01,GOLDILOCKS,0.56,-0.112,MEDIUM,False,0.3,5.5,4.8,-0.2,2.14,2.11,2.55,,,12.36,-1.8,-0.02,True
2006-03-01,GOLDILOCKS,0.552,-0.103,MEDIUM,False,0.27,5.5,4.7,-0.2,2.17,2.1,2.57,,,11.54,0.9,0.01,False
2006-04-01,GOLDILOCKS,0.067,-0.051,LOW,False,0.08,1.0,4.7,0.0,2.36,2.3,2.51,,,11.39,0.9,0.17,False
2006-05-01,REFLATION,0.039,0.019,LOW,False,0.05,1.0,4.6,-0.2,2.41,2.44,2.72,,,12.54,2.8,0.17,False
2006-06-01,REFLATION,0.02,0.067,LOW,False,-0.01,1.0,4.6,-0.1,2.6,2.64,2.65,,,14.52,-1.7,0.07,False
2006-07-01,REFLATION,0.006,0.055,LOW,False,-0.08,0.6,4.7,0.0,2.55,2.69,2.61,,,13.08,2.6,-0.07,True
2006-08-01,STAGFLATION_RISK,-0.04,0.094,LOW,False,-0.02,0.6,4.7,0.1,2.67,2.83,2.59,,,15.05,0.6,-0.09,True
2006-09-01,REFLATION,0.016,0.071,LOW,False,-0.03,0.6,4.5,-0.1,2.61,2.93,2.48,,,11.96,-0.7,-0.05,True
2006-10-01,REFLATION,0.25,0.007,LOW,False,-0.03,3.5,4.4,-0.3,2.5,2.77,2.37,,,11.98,3.7,0.02,False
2006-11-01,GOLDILOCKS,0.32,-0.072,LOW,False,-0.13,3.5,4.5,-0.2,2.28,2.62,2.28,,,11.51,-3.5,-0.06,True
2006-12-01,GOLDILOCKS,0.341,-0.057,LOW,False,0.13,3.5,4.4,-0.1,2.32,2.61,2.33,,,11.66,4.0,0.04,False
2007-01-01,GOLDILOCKS,0.019,-0.02,LOW,False,0.06,1.2,4.6,0.2,2.5,2.66,2.3,,,11.56,-0.4,-0.06,True
2007-02-01,REFLATION,0.042,0.023,LOW,False,0.16,1.2,4.5,0.0,2.56,2.72,2.42,,,10.31,6.2,-0.24,True
2007-03-01,GOLDILOCKS,0.081,-0.058,LOW,False,-0.01,1.2,4.4,0.0,2.38,2.51,2.37,3.39,,15.82,0.9,-0.07,True
2007-04-01,GOLDILOCKS,0.158,-0.112,LOW,False,0.11,2.5,4.5,-0.1,2.21,2.42,2.44,3.07,,14.64,4.7,0.11,False
2007-05-01,GOLDILOCKS,0.209,-0.122,LOW,False,0.07,2.5,4.4,-0.1,2.08,2.27,2.45,3.53,,13.51,-1.0,0.12,False
2007-06-01,GOLDILOCKS,0.015,-0.158,LOW,False,-0.02,2.5,4.6,0.2,1.99,2.18,2.38,3.61,,12.78,3.0,0.13,False
2007-07-01,DEFLATION_RISK,-0.107,-0.179,LOW,False,-0.12,2.3,4.7,0.2,2.04,2.17,2.38,3.2,,16.23,4.0,0.13,False
2007-08-01,DEFLATION_RISK,-0.121,-0.202,LOW,False,-0.16,2.3,4.6,0.2,1.98,2.09,2.32,3.35,,23.67,-0.7,0.11,False
2007-09-01,GOLDILOCKS,0.001,-0.217,LOW,False,-0.18,2.3,4.7,0.1,2.1,2.1,2.2,3.14,,23.38,3.1,0.37,False
2007-10-01,GOLDILOCKS,0.061,-0.174,LOW,False,-0.14,2.5,4.7,0.0,2.18,2.16,2.3,3.13,,17.84,0.0,0.51,False
2007-11-01,GOLDILOCKS,0.051,-0.113,LOW,False,-0.14,2.5,4.7,0.1,2.34,2.34,2.36,3.07,,23.21,0.1,0.38,False
2007-12-01,DEFLATION_RISK,-0.069,-0.111,LOW,False,-0.26,2.5,5.0,0.3,2.4,2.44,2.34,2.82,,22.87,-6.1,1.06,False
2008-01-01,DEFLATION_RISK,-0.44,-0.146,MEDIUM,False,-0.25,-1.7,5.0,0.3,2.19,2.48,2.31,2.91,,22.5,0.1,0.69,False
2008-02-01,DEFLATION_RISK,-0.507,-0.197,MEDIUM,False,-0.49,-1.7,4.9,0.2,2.07,2.3,2.31,2.85,,24.02,-2.9,1.65,False
2008-03-01,DEFLATION_RISK,-0.502,-0.125,MEDIUM,True,-0.6,-1.7,5.1,0.1,2.17,2.39,2.43,3.09,,26.54,0.9,1.86,False
2008-04-01,DEFLATION_RISK,-0.317,-0.189,MEDIUM,False,-0.75,2.4,5.0,0.0,2.08,2.29,2.35,2.84,,22.68,-6.2,1.88,False
2008-05-01,DEFLATION_RISK,-0.511,-0.176,MEDIUM,False,-0.76,2.4,5.4,0.5,2.15,2.32,2.26,3.02,,18.88,-5.2,1.51,False
2008-06-01,DEFLATION_RISK,-0.477,-0.133,MEDIUM,False,-0.74,2.4,5.6,0.5,2.21,2.39,2.48,2.72,,17.83,-1.1,1.44,False
2008-07-01,DEFLATION_RISK,-0.845,-0.078,HIGH,False,-0.92,-2.1,5.8,0.8,2.24,2.46,2.52,3.15,,23.65,1.5,1.38,False
2008-08-01,DEFLATION_RISK,-0.883,-0.101,HIGH,False,-1.06,-2.1,6.1,0.7,2.22,2.5,2.34,3.33,,22.57,2.3,1.38,False
2008-09-01,DEFLATION_RISK,-1.0,-0.185,HIGH,False,-1.68,-2.1,6.1,0.5,2.04,2.44,2.15,3.28,,20.65,-0.7,1.33,False
2008-10-01,DEFLATION_RISK,-1.0,-0.419,HIGH,True,-1.65,-8.5,6.5,0.7,1.63,2.22,1.51,3.32,,39.81,-8.0,1.99,False
2008-11-01,DEFLATION_RISK,-1.0,-0.482,HIGH,True,-2.01,-8.5,6.8,0.7,1.39,2.02,0.87,3.5,,59.89,8.4,1.97,False
2008-12-01,DEFLATION_RISK,-1.0,-0.547,HIGH,True,-2.05,-8.5,7.3,1.2,1.14,1.76,0.34,3.73,,68.51,-1.4,1.52,False
2009-01-01,DEFLATION_RISK,-1.0,-0.612,HIGH,True,-2.68,-4.5,7.8,1.3,0.91,1.67,0.11,3.63,,40.0,18.7,1.76,False
2009-02-01,DEFLATION_RISK,-1.0,-0.622,HIGH,True,-2.31,-4.5,8.3,1.5,0.89,1.8,1.14,3.34,,44.84,0.1,1.93,False
2009-03-01,DEFLATION_RISK,-1.0,-0.657,HIGH,True,-2.2,-4.5,8.7,1.4,0.76,1.79,0.96,3.23,,46.35,13.6,1.82,False
2009-04-01,DEFLATION_RISK,-0.975,-0.595,HIGH,True,-1.73,-0.7,9.0,1.2,0.93,1.93,1.31,3.37,,42.28,-7.5,2.1,False
2009-05-01,DEFLATION_RISK,-0.975,-0.653,HIGH,True,-1.71,-0.7,9.4,1.1,0.82,1.85,1.41,3.03,,35.3,6.5,2.37,False
2009-06-01,DEFLATION_RISK,-0.906,-0.619,HIGH,True,-1.24,-0.7,9.5,0.8,0.72,1.71,1.91,2.88,,30.04,8.2,2.75,False
2009-07-01,DEFLATION_RISK,-0.576,-0.714,HIGH,True,-0.66,1.4,9.5,0.5,0.63,1.53,1.72,2.69,,26.22,0.2,2.51,False
2009-08-01,DEFLATION_RISK,-0.344,-0.72,HIGH,True,-0.27,1.4,9.6,0.2,0.65,1.43,1.81,2.44,,25.92,3.0,2.46,False
2009-09-01,DEFLATION_RISK,-0.325,-0.731,HIGH,True,-0.02,1.4,9.8,0.3,0.73,1.48,1.64,2.49,,29.15,-6.0,2.48,False
2009-10-01,DEFLATION_RISK,-0.184,-0.581,MEDIUM,True,-0.17,4.4,10.0,0.5,1.24,1.71,1.71,2.53,,28.27,6.0,2.52,False
2009-11-01,GOLDILOCKS,0.037,-0.521,MEDIUM,True,-0.15,4.4,9.9,0.3,1.37,1.71,2.0,2.2,,30.69,-3.0,2.5,False
2009-12-01,DEFLATION_RISK,-0.035,-0.474,MEDIUM,False,-0.17,4.4,9.9,0.1,1.51,1.82,2.14,1.91,,21.92,1.5,2.92,False
2010-01-01,GOLDILOCKS,0.062,-0.424,MEDIUM,False,-0.02,1.9,9.8,-0.2,1.69,1.51,2.37,2.0,,21.68,0.9,2.59,False
2010-02-01,DEFLATION_RISK,-0.083,-0.425,MEDIUM,False,-0.16,1.9,9.8,-0.1,1.7,1.35,2.39,2.18,,22.59,1.0,2.83,False
2010-03-01,GOLDILOCKS,0.138,-0.505,MEDIUM,False,0.1,1.9,9.9,0.0,1.78,1.16,2.15,1.86,,19.26,-1.3,2.93,False
2010-04-01,GOLDILOCKS,0.316,-0.545,HIGH,False,0.18,3.9,9.9,0.1,1.6,0.97,2.28,1.76,,17.47,3.2,2.8,False
2010-05-01,GOLDILOCKS,0.492,-0.518,HIGH,False,0.39,3.9,9.6,-0.2,1.64,0.94,2.4,1.76,,22.05,4.4,2.45,False
2010-06-01,GOLDILOCKS,0.307,-0.619,HIGH,True,0.18,3.9,9.4,-0.5,1.56,0.95,1.97,1.76,,35.54,1.6,2.42,False
2010-07-01,GOLDILOCKS,0.244,-0.673,HIGH,True,0.09,3.1,9.4,-0.5,1.47,0.96,1.75,1.85,,32.86,-6.8,2.38,False
2010-08-01,GOLDILOCKS,0.116,-0.685,HIGH,False,-0.06,3.1,9.5,-0.1,1.42,0.92,1.8,1.75,,23.5,1.8,2.15,False
2010-09-01,DEFLATION_RISK,-0.02,-0.767,MEDIUM,False,-0.06,3.1,9.5,0.1,1.3,0.81,1.56,1.8,,23.89,-1.6,2.15,False
2010-10-01,GOLDILOCKS,0.118,-0.785,HIGH,False,-0.15,2.1,9.4,0.0,1.08,0.6,1.79,1.88,,22.5,7.1,2.12,False
2010-11-01,DEFLATION_RISK,-0.058,-0.702,MEDIUM,False,-0.16,2.1,9.8,0.3,1.12,0.67,2.17,1.75,,21.83,1.3,2.42,False
2010-12-01,GOLDILOCKS,0.13,-0.722,HIGH,False,-0.07,2.1,9.3,-0.2,1.06,0.66,2.14,1.74,,21.36,3.4,2.76,False
2011-01-01,DEFLATION_RISK,-0.124,-0.61,MEDIUM,False,-0.03,-0.9,9.1,-0.3,1.12,0.98,2.3,2.1,,17.75,-0.1,2.78,False
2011-02-01,GOLDILOCKS,0.084,-0.581,MEDIUM,False,-0.09,-0.9,9.0,-0.8,1.21,1.12,2.37,1.83,,17.63,6.0,2.97,False
2011-03-01,GOLDILOCKS,0.034,-0.562,MEDIUM,False,0.02,-0.9,9.0,-0.3,1.21,1.21,2.41,1.83,,21.01,4.0,2.75,False
2011-04-01,GOLDILOCKS,0.168,-0.488,MEDIUM,False,-0.15,2.7,9.1,0.0,1.39,1.32,2.52,1.87,,17.4,3.1,2.66,False
2011-05-01,GOLDILOCKS,0.1,-0.421,MEDIUM,False,-0.14,2.7,9.0,0.0,1.52,1.45,2.57,2.04,,14.75,1.5,2.56,False
2011-06-01,GOLDILOCKS,0.096,-0.459,MEDIUM,False,-0.27,2.7,9.1,0.1,1.59,1.58,2.22,2.09,,18.3,0.1,2.56,False
2011-07-01,DEFLATION_RISK,-0.103,-0.348,MEDIUM,False,-0.05,-0.1,9.0,-0.1,1.73,1.74,2.45,2.3,,15.87,2.1,2.5,False
2011-08-01,DEFLATION_RISK,-0.059,-0.328,LOW,False,0.06,-0.1,9.0,0.0,1.84,1.97,2.44,1.95,,23.66,-2.5,1.92,False
2011-09-01,GOLDILOCKS,0.007,-0.395,MEDIUM,True,-0.03,-0.1,9.0,-0.1,1.85,1.99,2.08,1.94,,31.82,1.9,1.79,False
2011-10-01,GOLDILOCKS,0.439,-0.464,HIGH,True,-0.03,4.6,8.8,-0.2,1.74,2.11,1.75,1.98,,42.96,-6.2,1.9,False
2011-11-01,GOLDILOCKS,0.439,-0.38,HIGH,True,-0.15,4.6,8.6,-0.4,1.83,2.14,2.05,2.02,,34.77,-1.9,1.78,False
2011-12-01,GOLDILOCKS,0.573,-0.334,HIGH,True,0.03,4.6,8.5,-0.5,1.97,2.28,2.05,2.02,,27.41,2.0,1.71,False
2012-01-01,GOLDILOCKS,0.493,-0.358,HIGH,False,0.1,3.4,8.3,-0.5,2.06,2.28,1.96,1.71,,23.4,-2.4,1.72,False
2012-02-01,GOLDILOCKS,0.443,-0.335,MEDIUM,False,0.21,3.4,8.3,-0.3,2.03,2.16,2.15,1.79,,18.55,-1.8,1.74,False
2012-03-01,GOLDILOCKS,0.384,-0.272,MEDIUM,False,-0.01,3.4,8.2,-0.3,2.04,2.25,2.26,2.14,,17.26,0.2,1.87,False
2012-04-01,GOLDILOCKS,0.052,-0.271,LOW,False,-0.11,1.8,8.2,-0.1,1.97,2.31,2.32,2.1,,15.5,-4.0,1.72,False
2012-05-01,GOLDILOCKS,0.061,-0.332,LOW,False,-0.16,1.8,8.2,-0.1,1.83,2.25,2.26,1.92,,16.6,1.5,1.53,False
2012-06-01,GOLDILOCKS,0.007,-0.375,LOW,True,-0.14,1.8,8.2,0.0,1.82,2.19,2.06,2.0,,26.66,-8.4,1.37,False
2012-07-01,DEFLATION_RISK,-0.078,-0.407,MEDIUM,False,-0.26,0.6,8.2,0.0,1.77,2.11,2.13,1.64,,17.08,7.2,1.2,False
2012-08-01,DEFLATION_RISK,-0.034,-0.423,MEDIUM,False,-0.35,0.6,8.1,-0.1,1.64,1.94,2.23,1.82,,18.96,-1.3,1.44,False
2012-09-01,GOLDILOCKS,0.102,-0.386,MEDIUM,False,-0.28,0.6,7.8,-0.4,1.69,2.01,2.25,1.99,,17.47,0.2,1.5,False
2012-10-01,GOLDILOCKS,0.077,-0.341,MEDIUM,False,-0.27,0.5,7.8,-0.4,1.89,1.99,2.42,1.64,,16.32,2.8,1.5,False
2012-11-01,GOLDILOCKS,0.144,-0.328,MEDIUM,False,-0.03,0.5,7.7,-0.4,1.78,1.95,2.52,1.9,,16.69,1.8,1.35,False
2012-12-01,DEFLATION_RISK,-0.002,-0.356,LOW,False,0.05,0.5,7.9,0.1,1.69,1.9,2.41,2.15,,15.87,2.0,1.47,False
2013-01-01,GOLDILOCKS,0.232,-0.373,MEDIUM,False,0.03,4.0,8.0,0.2,1.59,1.91,2.45,2.06,,18.02,1.2,1.66,False
2013-02-01,GOLDILOCKS,0.319,-0.335,MEDIUM,False,0.01,4.0,7.7,0.0,1.56,1.99,2.59,2.15,,12.9,-0.2,1.71,False
2013-03-01,GOLDILOCKS,0.402,-0.395,MEDIUM,False,-0.12,4.0,7.5,-0.4,1.48,1.89,2.53,1.88,,15.36,-2.1,1.71,False
2013-04-01,GOLDILOCKS,0.194,-0.429,MEDIUM,False,-0.11,1.1,7.6,-0.4,1.38,1.72,2.51,2.05,,13.58,1.2,1.53,False
2013-05-01,GOLDILOCKS,0.12,-0.477,MEDIUM,False,-0.13,1.1,7.5,-0.2,1.39,1.65,2.3,2.05,,14.49,-2.0,1.73,False
2013-06-01,GOLDILOCKS,0.036,-0.478,MEDIUM,False,-0.1,1.1,7.5,0.0,1.46,1.62,2.21,2.13,,16.3,-2.9,2.0,False
2013-07-01,GOLDILOCKS,0.284,-0.504,MEDIUM,False,-0.17,3.5,7.3,-0.3,1.49,1.7,2.02,2.09,,16.37,2.6,2.24,False
2013-08-01,GOLDILOCKS,0.363,-0.421,MEDIUM,False,-0.12,3.5,7.2,-0.3,1.53,1.78,2.26,2.3,,12.94,3.2,2.39,False
2013-09-01,GOLDILOCKS,0.366,-0.474,HIGH,False,-0.04,3.5,7.2,-0.3,1.53,1.75,2.1,2.08,,17.01,-1.0,2.42,False
2013-10-01,GOLDILOCKS,0.352,-0.464,HIGH,False,0.14,3.5,7.2,-0.1,1.45,1.69,2.2,2.25,,15.54,-1.0,2.29,False
2013-11-01,GOLDILOCKS,0.43,-0.456,HIGH,False,0.13,3.5,6.9,-0.3,1.51,1.74,2.15,2.24,,13.28,-3.8,2.39,False
2013-12-01,GOLDILOCKS,0.38,-0.472,HIGH,False,0.05,3.5,6.7,-0.5,1.55,1.74,2.15,1.94,,13.7,-1.4,2.62,False
2014-01-01,GOLDILOCKS,0.044,-0.484,MEDIUM,False,-0.18,-1.4,6.6,-0.6,1.45,1.61,2.24,2.02,,13.72,-1.0,2.48,False
2014-02-01,DEFLATION_RISK,-0.094,-0.501,MEDIUM,False,-0.14,-1.4,6.7,-0.2,1.39,1.55,2.14,2.31,,18.41,0.1,2.37,False
2014-03-01,DEFLATION_RISK,-0.079,-0.485,MEDIUM,False,0.08,-1.4,6.7,0.0,1.45,1.65,2.17,2.14,,14.0,0.7,2.39,False
2014-04-01,GOLDILOCKS,0.645,-0.457,HIGH,False,0.32,5.3,6.2,-0.4,1.57,1.82,2.14,1.97,,13.1,-1.5,2.27,False
2014-05-01,GOLDILOCKS,0.616,-0.407,HIGH,False,0.21,5.3,6.3,-0.4,1.62,1.95,2.2,2.13,,13.25,-1.4,2.15,False
2014-06-01,GOLDILOCKS,0.627,-0.421,HIGH,False,0.1,5.3,6.1,-0.6,1.56,1.92,2.22,2.09,,11.4,-1.3,2.23,False
2014-07-01,GOLDILOCKS,0.451,-0.414,HIGH,False,0.19,5.0,6.2,0.0,1.61,1.84,2.26,2.09,,11.15,-0.4,2.07,False
2014-08-01,GOLDILOCKS,0.496,-0.434,HIGH,False,0.07,5.0,6.1,-0.2,1.54,1.74,2.27,2.16,,17.03,-6.7,1.95,False
2014-09-01,GOLDILOCKS,0.488,-0.467,HIGH,False,0.03,5.0,5.9,-0.2,1.55,1.74,2.12,2.08,,11.98,2.2,2.05,False
2014-10-01,GOLDILOCKS,0.334,-0.506,HIGH,False,-0.06,2.0,5.7,-0.5,1.47,1.82,1.96,2.08,,16.71,-5.0,1.77,False
2014-11-01,GOLDILOCKS,0.299,-0.54,HIGH,False,0.11,2.0,5.8,-0.3,1.39,1.74,1.92,2.07,,14.03,-1.0,1.83,False
2014-12-01,GOLDILOCKS,0.302,-0.603,HIGH,False,0.12,2.0,5.6,-0.3,1.36,1.62,1.79,1.86,,14.29,-6.8,1.72,False
2015-01-01,GOLDILOCKS,0.289,-0.632,HIGH,False,0.02,3.6,5.7,0.0,1.21,1.63,1.68,2.15,,19.2,-2.1,1.21,False
2015-02-01,GOLDILOCKS,0.345,-0.637,HIGH,False,-0.22,3.6,5.5,-0.3,1.28,1.69,1.65,1.89,,20.97,4.3,1.51,False
2015-03-01,GOLDILOCKS,0.221,-0.568,MEDIUM,False,-0.24,3.6,5.4,-0.2,1.28,1.75,1.83,2.22,,13.34,2.8,1.41,False
2015-04-01,GOLDILOCKS,0.269,-0.561,HIGH,False,-0.16,2.5,5.4,-0.3,1.29,1.8,1.8,2.26,,15.11,2.6,1.39,False
2015-05-01,GOLDILOCKS,0.122,-0.543,MEDIUM,False,-0.11,2.5,5.6,0.1,1.25,1.75,1.94,2.34,,12.7,3.6,1.6,False
2015-06-01,GOLDILOCKS,0.167,-0.586,MEDIUM,False,-0.16,2.5,5.3,-0.1,1.25,1.78,1.8,2.09,,13.97,4.7,1.72,False
2015-07-01,GOLDILOCKS,0.186,-0.57,MEDIUM,False,-0.04,1.6,5.2,-0.2,1.18,1.83,1.89,2.17,,16.09,-4.2,1.63,False
2015-08-01,GOLDILOCKS,0.262,-0.58,HIGH,False,-0.02,1.6,5.1,-0.5,1.22,1.85,1.74,2.28,,12.12,-1.8,1.5,False
2015-09-01,GOLDILOCKS,0.194,-0.609,HIGH,True,-0.02,1.6,5.0,-0.3,1.23,1.9,1.57,2.24,,31.4,6.9,1.47,False
2015-10-01,GOLDILOCKS,0.063,-0.614,MEDIUM,False,-0.22,0.7,5.0,-0.2,1.18,1.91,1.46,2.48,,22.55,0.8,1.43,False
2015-11-01,DEFLATION_RISK,-0.025,-0.601,MEDIUM,False,-0.25,0.7,5.1,0.0,1.2,2.0,1.53,2.39,,15.07,7.8,1.51,False
2015-12-01,DEFLATION_RISK,-0.041,-0.575,MEDIUM,False,-0.31,0.7,5.0,0.0,1.19,2.07,1.57,2.52,,14.67,-1.6,1.33,False
2016-01-01,GOLDILOCKS,0.154,-0.527,MEDIUM,False,-0.19,2.3,4.8,-0.2,1.41,2.15,1.54,2.55,,18.21,2.1,1.03,False
2016-02-01,GOLDILOCKS,0.215,-0.526,MEDIUM,False,-0.14,2.3,4.9,-0.2,1.47,2.22,1.4,2.38,,19.98,-2.2,0.97,False
2016-03-01,GOLDILOCKS,0.132,-0.535,MEDIUM,False,-0.16,2.3,5.0,0.0,1.46,2.14,1.48,2.41,,17.7,9.5,1.04,False
2016-04-01,DEFLATION_RISK,-0.093,-0.485,MEDIUM,False,-0.22,1.3,5.1,0.3,1.52,2.16,1.62,2.57,,13.1,-4.2,1.05,False
2016-05-01,DEFLATION_RISK,-0.053,-0.454,MEDIUM,False,-0.26,1.3,4.8,-0.1,1.57,2.25,1.71,2.44,,15.7,8.1,1.04,False
2016-06-01,GOLDILOCKS,0.102,-0.479,MEDIUM,False,-0.11,1.3,4.9,-0.1,1.55,2.26,1.54,2.6,,14.2,0.1,0.73,False
2016-07-01,GOLDILOCKS,0.329,-0.48,HIGH,False,-0.06,2.9,4.8,-0.3,1.6,2.17,1.43,2.72,,14.77,2.3,0.91,False
2016-08-01,GOLDILOCKS,0.138,-0.465,MEDIUM,False,-0.01,2.9,4.9,0.1,1.7,2.31,1.46,2.43,,12.44,-4.4,0.89,False
2016-09-01,GOLDILOCKS,0.161,-0.457,MEDIUM,False,-0.09,2.9,5.0,0.1,1.69,2.27,1.45,2.63,,13.48,-8.1,0.85,False
2016-10-01,GOLDILOCKS,0.018,-0.415,MEDIUM,False,-0.12,2.2,4.9,0.1,1.78,2.2,1.6,2.78,,13.29,6.9,0.99,False
2016-11-01,GOLDILOCKS,0.153,-0.426,MEDIUM,False,-0.12,2.2,4.7,-0.2,1.72,2.15,1.72,2.57,,18.56,-6.1,1.31,False
2016-12-01,GOLDILOCKS,0.295,-0.35,MEDIUM,False,0.03,2.2,4.7,-0.3,1.77,2.2,1.97,2.69,,14.07,11.9,1.35,False
2017-01-01,GOLDILOCKS,0.235,-0.345,MEDIUM,False,0.02,2.0,4.7,-0.2,1.86,2.25,1.95,2.48,,14.04,1.8,1.23,False
2017-02-01,GOLDILOCKS,0.206,-0.308,MEDIUM,False,0.06,2.0,4.6,-0.1,1.87,2.24,2.05,2.72,,11.81,1.4,1.2,False
2017-03-01,GOLDILOCKS,0.197,-0.383,MEDIUM,False,-0.06,2.0,4.4,-0.3,1.68,2.05,2.03,2.59,,12.54,-0.3,1.19,False
2017-04-01,GOLDILOCKS,0.319,-0.426,MEDIUM,False,0.09,2.3,4.4,-0.3,1.64,1.9,1.97,2.55,,12.37,4.5,1.03,False
2017-05-01,GOLDILOCKS,0.29,-0.48,MEDIUM,False,0.13,2.3,4.4,-0.2,1.55,1.74,1.92,2.46,,10.11,-0.8,1.02,False
2017-06-01,GOLDILOCKS,0.26,-0.498,MEDIUM,False,0.17,2.3,4.3,-0.1,1.58,1.7,1.81,2.5,,9.89,-2.5,0.91,False
2017-07-01,GOLDILOCKS,0.284,-0.526,HIGH,False,0.01,3.2,4.3,-0.1,1.5,1.68,1.73,2.57,,11.18,4.0,0.94,False
2017-08-01,GOLDILOCKS,0.21,-0.531,MEDIUM,False,0.0,3.2,4.4,0.0,1.43,1.66,1.79,2.57,,10.09,0.3,0.87,False
2017-09-01,GOLDILOCKS,0.169,-0.524,MEDIUM,False,0.01,3.2,4.3,0.0,1.42,1.6,1.79,2.79,,10.13,1.9,0.85,False
2017-10-01,GOLDILOCKS,0.429,-0.505,HIGH,False,0.25,4.6,4.2,-0.1,1.54,1.76,1.84,2.32,,9.51,0.2,0.89,False
2017-11-01,GOLDILOCKS,0.532,-0.487,HIGH,False,0.32,4.6,4.2,-0.2,1.55,1.74,1.88,2.47,,10.2,0.7,0.74,False
2017-12-01,GOLDILOCKS,0.495,-0.464,HIGH,False,0.32,4.6,4.1,-0.2,1.58,1.77,1.86,2.7,,11.43,0.7,0.62,False
2018-01-01,GOLDILOCKS,0.31,-0.412,MEDIUM,False,0.07,3.3,4.0,-0.2,1.63,1.89,1.96,2.77,,11.04,1.5,0.69,False
2018-02-01,GOLDILOCKS,0.338,-0.397,MEDIUM,False,0.15,3.3,4.1,-0.1,1.64,1.88,2.11,2.57,,13.47,0.3,0.7,False
2018-03-01,GOLDILOCKS,0.33,-0.295,MEDIUM,False,0.12,3.3,4.0,-0.1,1.91,2.12,2.1,2.83,,22.47,-4.4,0.62,False
2018-04-01,GOLDILOCKS,0.199,-0.31,MEDIUM,False,0.32,2.1,4.0,0.0,1.88,2.15,2.05,2.79,,19.97,-0.9,0.6,False
2018-05-01,GOLDILOCKS,0.31,-0.242,MEDIUM,False,0.12,2.1,3.8,-0.3,1.98,2.27,2.16,2.94,,15.49,-1.3,0.48,False
2018-06-01,GOLDILOCKS,0.198,-0.269,MEDIUM,False,0.15,2.1,4.0,0.0,1.94,2.25,2.09,2.93,,13.46,-1.5,0.44,False
2018-07-01,GOLDILOCKS,0.177,-0.257,MEDIUM,False,0.04,2.5,3.8,-0.2,2.0,2.27,2.11,2.85,,16.09,-1.5,0.37,False
2018-08-01,GOLDILOCKS,0.242,-0.266,MEDIUM,False,0.19,2.5,3.8,0.0,1.9,2.12,2.13,3.19,,13.15,0.2,0.22,False
2018-09-01,GOLDILOCKS,0.254,-0.257,MEDIUM,False,0.12,2.5,3.7,-0.3,1.96,2.2,2.08,3.13,,12.86,1.9,0.38,False
2018-10-01,GOLDILOCKS,0.018,-0.261,LOW,False,0.03,0.6,3.8,0.0,1.87,2.13,2.14,3.28,,12.0,4.4,0.33,False
2018-11-01,DEFLATION_RISK,-0.065,-0.238,LOW,False,-0.06,0.6,3.8,0.0,2.01,2.22,2.02,3.39,,19.34,-5.0,0.28,False
2018-12-01,DEFLATION_RISK,-0.082,-0.23,LOW,False,-0.11,0.6,3.9,0.2,2.04,2.25,1.97,3.49,,18.07,-1.0,0.03,False
2019-01-01,GOLDILOCKS,0.069,-0.347,MEDIUM,True,-0.16,2.5,4.0,0.2,1.84,2.18,1.71,3.26,,25.42,-0.5,0.23,False
2019-02-01,DEFLATION_RISK,-0.033,-0.316,LOW,False,-0.3,2.5,3.8,0.0,1.74,2.14,1.88,3.55,,16.14,4.2,0.16,False
2019-03-01,GOLDILOCKS,0.154,-0.344,MEDIUM,False,-0.29,2.5,3.8,-0.1,1.62,2.07,1.96,3.43,,13.57,0.6,0.02,False
2019-04-01,GOLDILOCKS,0.296,-0.361,MEDIUM,False,-0.34,3.4,3.7,-0.3,1.64,2.09,1.9,3.27,,13.4,3.7,0.2,False
2019-05-01,GOLDILOCKS,0.164,-0.38,MEDIUM,False,-0.2,3.4,3.6,-0.2,1.56,1.97,1.93,3.34,,14.8,0.4,0.09,False
2019-06-01,GOLDILOCKS,0.307,-0.375,MEDIUM,False,-0.15,3.4,3.6,-0.2,1.66,2.07,1.74,3.48,,18.71,-9.2,0.12,False
2019-07-01,GOLDILOCKS,0.281,-0.381,MEDIUM,False,-0.1,4.8,3.7,0.0,1.64,2.17,1.69,3.43,,14.06,-0.4,0.28,False
2019-08-01,GOLDILOCKS,0.37,-0.339,MEDIUM,False,-0.05,4.8,3.6,0.0,1.75,2.32,1.7,3.42,,17.87,-5.6,-0.1,True
2019-09-01,GOLDILOCKS,0.364,-0.417,MEDIUM,False,-0.21,4.8,3.5,-0.1,1.63,2.33,1.55,3.07,,18.98,0.1,0.2,False
2019-10-01,GOLDILOCKS,0.087,-0.416,MEDIUM,False,-0.34,2.8,3.6,-0.1,1.62,2.34,1.52,3.18,,18.56,-4.7,0.15,False
2019-11-01,GOLDILOCKS,0.126,-0.417,MEDIUM,False,-0.34,2.8,3.6,0.0,1.5,2.35,1.59,3.28,,12.3,1.3,0.25,False
2019-12-01,GOLDILOCKS,0.039,-0.435,MEDIUM,False,-0.31,2.8,3.6,0.1,1.54,2.29,1.61,2.98,,12.62,0.6,0.25,False
2020-01-01,DEFLATION_RISK,-0.137,-0.389,MEDIUM,False,-0.14,-5.2,3.6,0.0,1.59,2.28,1.77,3.04,,13.78,-0.9,0.18,False
2020-02-01,DEFLATION_RISK,-0.108,-0.379,MEDIUM,False,-0.18,-5.2,3.5,-0.1,1.7,2.37,1.65,3.07,,18.84,-3.3,0.17,False
2020-03-01,DEFLATION_RISK,-1.0,-0.448,HIGH,True,-1.52,-5.2,4.4,0.8,1.53,2.1,1.41,3.46,,40.11,-9.9,0.01,False
2020-04-01,DEFLATION_RISK,-1.0,-0.485,HIGH,True,-7.52,-28.0,14.8,11.2,1.0,1.43,0.91,8.1,,57.06,31.0,0.43,False
2020-05-01,DEFLATION_RISK,-0.7,-0.511,HIGH,True,-5.96,-28.0,13.2,9.7,1.0,1.22,1.06,6.6,,37.19,59.0,0.47,False
2020-06-01,DEFLATION_RISK,-0.7,-0.555,HIGH,True,-2.4,-28.0,11.0,6.6,0.97,1.18,1.18,5.04,,28.23,8.2,0.59,False
2020-07-01,GOLDILOCKS,1.0,-0.473,HIGH,True,4.57,34.9,10.2,-4.6,1.21,1.56,1.37,4.85,,28.62,3.5,0.45,False
2020-08-01,GOLDILOCKS,1.0,-0.411,HIGH,False,3.4,34.9,8.4,-4.8,1.39,1.72,1.55,4.8,,24.46,-1.9,0.54,False
2020-09-01,GOLDILOCKS,0.989,-0.353,HIGH,True,1.46,34.9,7.8,-3.2,1.48,1.72,1.76,4.79,,26.12,-0.3,0.55,False
2020-10-01,GOLDILOCKS,0.812,-0.415,HIGH,True,0.92,4.6,6.9,-3.3,1.42,1.64,1.63,4.6,,26.7,-4.8,0.65,False
2020-11-01,GOLDILOCKS,0.727,-0.392,HIGH,True,0.6,4.6,6.7,-1.7,1.45,1.67,1.7,4.59,,38.02,-9.4,0.73,False
2020-12-01,GOLDILOCKS,0.454,-0.304,MEDIUM,False,0.66,4.6,6.7,-1.1,1.51,1.62,1.81,5.39,,20.77,-0.4,0.76,False
2021-01-01,GOLDILOCKS,0.763,-0.27,HIGH,False,0.61,5.7,6.4,-0.5,1.7,1.38,1.99,5.28,,22.75,1.8,0.95,False
2021-02-01,GOLDILOCKS,0.573,-0.254,HIGH,True,-0.1,5.7,6.2,-0.5,1.71,1.28,2.11,5.29,,30.24,1.4,1.15,False
2021-03-01,GOLDILOCKS,0.725,-0.158,HIGH,False,0.47,5.7,6.1,-0.6,2.2,1.65,2.16,4.52,,23.35,-4.2,1.48,False
2021-04-01,REFLATION,0.581,0.006,MEDIUM,False,0.23,7.0,6.1,-0.3,3.13,2.98,2.35,0.6,,17.33,-0.1,1.47,False
2021-05-01,REFLATION,0.803,0.263,HIGH,False,0.91,7.0,5.8,-0.4,3.54,3.79,2.41,2.32,,18.61,0.7,1.46,False
2021-06-01,REFLATION,0.539,0.54,HIGH,False,0.22,7.0,5.9,-0.2,3.86,4.44,2.46,3.95,,17.9,2.1,1.36,False
2021-07-01,REFLATION,0.573,0.531,HIGH,False,0.43,3.3,5.4,-0.7,3.93,4.21,2.35,4.32,,15.48,3.2,1.07,False
2021-08-01,REFLATION,0.549,0.517,HIGH,False,0.34,3.3,5.1,-0.7,3.96,3.94,2.4,4.37,,18.24,3.1,1.09,False
2021-09-01,REFLATION,0.509,0.57,HIGH,False,0.19,3.3,4.7,-1.2,4.01,4.0,2.34,4.98,,16.11,-0.3,1.17,False
2021-10-01,REFLATION,0.667,0.757,HIGH,False,0.25,7.0,4.5,-0.9,4.44,4.59,2.38,5.42,,21.15,0.8,1.31,False
2021-11-01,REFLATION,0.728,0.79,HIGH,False,0.48,7.0,4.1,-1.0,4.89,4.97,2.5,5.36,,16.41,1.7,1.06,False
2021-12-01,REFLATION,0.755,0.747,HIGH,True,0.58,7.0,3.9,-0.8,5.21,5.49,2.44,4.95,,31.12,-16.4,0.91,False
2022-01-01,REFLATION,0.162,0.812,HIGH,False,0.26,-1.0,4.0,-0.5,5.36,6.05,2.56,5.58,,17.22,-0.9,1.03,False
2022-02-01,REFLATION,0.028,0.77,MEDIUM,False,0.18,-1.0,3.9,-0.2,5.6,6.46,2.43,5.29,,21.96,0.7,0.75,False
2022-03-01,REFLATION,0.049,0.824,HIGH,True,0.26,-1.0,3.7,-0.2,5.59,6.48,2.62,5.89,,33.32,11.7,0.82,False
2022-04-01,REFLATION,0.225,0.86,HIGH,False,0.27,0.6,3.7,-0.3,5.35,6.16,2.8,5.76,,19.63,-4.7,0.31,False
2022-05-01,REFLATION,0.153,0.876,HIGH,True,0.0,0.6,3.6,-0.3,5.18,6.03,2.88,5.56,,33.4,1.9,0.2,False
2022-06-01,REFLATION,0.015,0.823,HIGH,True,-0.22,0.6,3.6,-0.1,5.32,5.91,2.65,5.4,,25.69,-0.8,0.48,False
2022-07-01,REFLATION,0.262,0.766,HIGH,True,-0.16,2.9,3.5,-0.2,5.11,5.9,2.34,5.48,,26.7,-3.0,0.06,False
2022-08-01,REFLATION,0.225,0.794,HIGH,False,0.0,2.9,3.6,0.0,5.36,6.29,2.51,5.39,,22.84,-3.4,0.0,False
2022-09-01,REFLATION,0.286,0.762,HIGH,True,0.08,2.9,3.5,-0.1,5.61,6.62,2.45,5.13,,25.56,-10.6,0.01,False
2022-10-01,REFLATION,0.185,0.693,HIGH,True,0.03,2.8,3.6,0.1,5.46,6.29,2.15,5.01,,31.62,1.3,-0.24,True
2022-11-01,REFLATION,0.166,0.771,HIGH,True,-0.19,2.8,3.6,0.0,5.21,5.97,2.51,5.09,,25.81,-0.8,-0.65,True
2022-12-01,REFLATION,0.051,0.73,MEDIUM,False,-0.34,2.8,3.5,0.0,4.97,5.69,2.36,4.94,,19.84,5.1,-0.63,True
2023-01-01,REFLATION,0.22,0.685,HIGH,False,-0.17,2.9,3.5,-0.1,4.94,5.54,2.3,4.49,,21.67,0.9,-0.88,True
2023-02-01,REFLATION,0.196,0.695,HIGH,False,-0.11,2.9,3.6,0.0,4.86,5.5,2.25,4.77,,17.87,-4.3,-0.34,True
2023-03-01,REFLATION,0.102,0.722,HIGH,False,-0.09,2.9,3.5,0.0,4.78,5.57,2.44,4.62,,20.58,1.8,-1.23,True
2023-04-01,REFLATION,0.16,0.696,HIGH,False,-0.27,2.5,3.4,-0.1,4.79,5.51,2.32,4.6,,18.7,3.5,-0.6,True
2023-05-01,REFLATION,0.144,0.661,HIGH,False,-0.18,2.5,3.6,0.0,4.73,5.34,2.23,4.36,4.45,16.08,1.8,-0.57,True
2023-06-01,REFLATION,0.101,0.646,MEDIUM,True,-0.19,2.5,3.6,0.1,4.38,4.85,2.16,4.66,4.65,15.65,-3.1,-0.58,True
2023-07-01,REFLATION,0.267,0.642,HIGH,False,-0.15,4.7,3.5,0.1,4.3,4.7,2.22,4.67,4.05,13.59,4.4,-0.97,True
2023-08-01,REFLATION,0.295,0.55,HIGH,False,-0.15,4.7,3.7,0.1,3.83,4.4,2.37,4.47,3.82,13.93,1.5,-0.75,True
2023-09-01,REFLATION,0.297,0.462,MEDIUM,False,-0.02,4.7,3.7,0.1,3.69,4.13,2.26,4.42,3.81,13.09,5.4,-0.49,True
2023-10-01,REFLATION,0.012,0.41,MEDIUM,False,-0.24,3.4,3.9,0.4,3.47,4.03,2.35,4.22,4.03,17.52,-0.7,-0.23,True
2023-11-01,REFLATION,0.175,0.376,MEDIUM,False,-0.14,3.4,3.7,0.0,3.29,4.02,2.41,4.11,4.47,16.87,-5.8,-0.45,True
2023-12-01,REFLATION,0.15,0.288,MEDIUM,False,-0.16,3.4,3.8,0.1,3.11,3.92,2.22,4.1,3.87,12.63,-3.1,-0.54,True
2024-01-01,REFLATION,0.026,0.3,LOW,False,-0.32,0.8,3.7,-0.2,3.16,3.86,2.16,4.39,3.39,12.45,-5.2,-0.17,True
2024-02-01,STAGFLATION_RISK,-0.105,0.255,LOW,False,-0.28,0.8,3.9,0.2,3.06,3.76,2.19,4.13,3.56,13.88,-3.7,0.01,False
2024-03-01,STAGFLATION_RISK,-0.065,0.302,LOW,False,-0.28,0.8,3.9,0.1,3.12,3.82,2.32,4.15,3.32,13.11,1.4,-0.33,True
2024-04-01,REFLATION,0.08,0.248,LOW,False,-0.08,3.6,3.9,0.2,3.01,3.63,2.35,3.98,3.12,13.65,2.6,-0.18,True
2024-05-01,REFLATION,0.16,0.191,LOW,False,-0.12,3.6,3.9,0.0,2.77,3.39,2.38,4.15,3.21,15.39,-5.5,-0.48,True
2024-06-01,REFLATION,0.079,0.148,LOW,False,-0.15,3.6,4.1,0.2,2.75,3.27,2.35,3.92,3.2,12.92,-3.6,-0.58,True
2024-07-01,STAGFLATION_RISK,-0.012,0.127,LOW,False,-0.15,3.3,4.2,0.3,2.81,3.23,2.32,3.63,3.21,12.22,3.1,-0.52,True
2024-08-01,STAGFLATION_RISK,-0.066,0.145,LOW,False,-0.23,3.3,4.2,0.3,2.87,3.29,2.2,3.92,3.35,18.59,0.6,-0.29,True
2024-09-01,REFLATION,0.158,0.126,LOW,False,-0.25,3.3,4.1,0.0,2.84,3.28,2.15,3.91,3.17,15.0,-2.6,-0.19,True
2024-10-01,STAGFLATION_RISK,-0.026,0.176,LOW,False,-0.31,1.9,4.1,-0.1,2.99,3.3,2.19,4.05,3.07,19.26,3.1,0.49,False
2024-11-01,REFLATION,0.012,0.212,LOW,False,-0.3,1.9,4.2,0.0,2.98,3.29,2.33,4.18,2.83,21.88,3.5,0.15,False
2024-12-01,REFLATION,0.115,0.183,LOW,False,-0.1,1.9,4.1,0.0,2.99,3.21,2.26,4.08,2.74,13.51,-1.7,0.26,False
2025-01-01,STAGFLATION_RISK,-0.234,0.157,LOW,False,-0.08,-0.6,4.0,-0.1,2.78,3.28,2.34,3.97,2.92,17.35,2.9,0.38,False
2025-02-01,STAGFLATION_RISK,-0.166,0.203,LOW,False,0.07,-0.6,4.2,0.0,2.97,3.14,2.42,4.11,2.68,16.43,-1.8,0.23,False
2025-03-01,STAGFLATION_RISK,-0.204,0.102,LOW,False,0.01,-0.6,4.2,0.1,2.67,2.81,2.38,4.21,2.87,19.63,1.2,0.29,False
2025-04-01,REFLATION,0.167,0.054,LOW,False,0.06,3.8,4.2,0.2,2.61,2.78,2.33,3.91,3.5,21.77,1.9,0.41,False
2025-05-01,REFLATION,0.074,0.076,LOW,False,-0.17,3.8,4.3,0.1,2.78,2.77,2.25,3.98,3.78,24.6,-4.3,0.72,False
2025-06-01,REFLATION,0.111,0.108,LOW,False,-0.24,3.8,4.1,-0.1,2.81,2.91,2.34,3.86,3.32,18.57,-0.2,0.49,False
2025-07-01,REFLATION,0.176,0.135,LOW,False,-0.12,4.4,4.3,0.1,2.86,3.05,2.29,3.96,2.91,16.83,0.3,0.61,False
2025-08-01,REFLATION,0.11,0.161,LOW,False,-0.14,4.4,4.3,0.0,2.91,3.11,2.33,3.98,3.13,20.38,-2.7,0.57,False
2025-09-01,REFLATION,0.078,0.138,LOW,False,-0.22,4.4,4.4,0.3,2.83,3.02,2.41,3.85,2.84,16.12,1.2,0.53,False
2025-10-01,STAGFLATION_RISK,-0.454,0.117,MEDIUM,False,-0.39,0.5,4.4,0.3,2.75,3.02,2.35,3.92,2.81,16.29,-5.9,0.51,False
2025-11-01,STAGFLATION_RISK,-0.26,0.071,LOW,False,-0.32,0.5,4.5,0.2,2.83,2.6,2.3,3.93,2.94,17.44,1.3,0.49,False
2025-12-01,STAGFLATION_RISK,-0.244,0.078,LOW,False,-0.25,0.5,4.4,0.1,2.97,2.65,2.24,3.73,2.94,17.24,2.1,0.6,False
2026-01-01,REFLATION,0.03,0.073,LOW,False,-0.02,0.5,4.3,-0.1,3.05,2.51,2.25,3.66,2.81,14.95,1.2,0.74,False
2026-02-01,STAGFLATION_RISK,-0.187,0.081,LOW,False,-0.01,0.5,4.4,-0.1,2.97,2.47,2.36,3.76,2.88,17.44,4.0,0.61,False
2026-03-01,REFLATION,0.046,0.058,LOW,False,-0.01,0.5,4.3,-0.1,2.97,2.6,2.25,3.52,3.12,19.86,2.0,0.87,False
2026-04-01,REFLATION,0.046,0.07,LOW,False,-0.01,0.5,4.3,-0.1,2.97,2.6,2.31,3.52,3.16,24.54,0.6,0.44,False
